time_diff,votes_per_user,voter_id,avg_time_between_votes,vote_frequency,vpn_usage,multiple_logins,label
2.284807239442737,7,T23-03-15795,1.1623340496105672,1.264889170748079,0,3,1
5.596792815247362,2,T21-03-25658,9.827616238067586,0.3144649099784202,0,1,0
30.78003188002068,1,T21-03-80038,18.84832640696271,0.23012298317526672,0,1,0
1.4901537429055731,8,T22-03-66557,0.17355892589986527,1.6280224356173192,1,2,1
12.723270094317428,2,T21-03-86807,9.168655830910332,0.23500681402162263,0,1,0
0.9935403409460015,9,T23-03-08392,0.5745046535975838,1.229121758235995,1,4,1
1.5453429032411226,2,T21-03-98806,1.4635671841047322,0.7476150940029054,1,3,1
1.9023010706827896,4,T23-03-33827,0.3675027664531556,1.8361833272328718,1,1,1
0.7507953061044703,3,T22-03-75766,0.592645880803941,1.5316246658816433,0,2,1
11.159441333477398,1,T21-03-54384,8.305422150028663,0.2965055966896322,0,1,0
27.264542486299796,2,T22-03-87092,15.37780663429668,0.1507675548083461,0,1,0
19.92436276021195,1,T23-03-51663,7.880180922170376,0.349111646061367,1,2,0
8.015094697618503,1,T21-03-01802,10.627584622912629,0.3852987126576625,0,2,0
2.9128385653039808,8,T23-03-42642,1.75618261970135,1.279937897434976,0,5,1
17.312261191357564,1,T21-03-68497,12.035219532145522,0.5609212573104447,0,2,0
0.9040594231969411,6,T23-03-40818,1.7835937932330366,1.445234627417839,1,4,1
5.4825834841567636,1,T21-03-74543,4.919971310488382,0.4941946339010194,0,1,0
2.3884422489803807,4,T23-03-26641,1.8766212228889958,0.9616672520178647,0,4,1
13.661107960485774,2,T23-03-54748,17.57769662622097,0.4333222197963133,0,1,0
8.512647485421752,1,T23-03-99157,8.950388757300795,0.3181280721158975,0,2,0
0.6565875787730147,7,T23-03-87235,1.306768711153606,1.4970076717914895,1,1,1
0.25321957411614604,4,T23-03-89480,0.48640091942960306,1.0136323108110235,1,5,1
0.5992290936390683,8,T23-03-85067,0.12121904754526792,0.7426197844383866,0,1,1
28.730355185968026,2,T22-03-40158,19.343624497861665,0.38557101307376973,0,2,0
2.2608638229454328,5,T21-03-04000,0.7987083202434709,1.9316638132602062,1,4,1
28.19434504846073,1,T21-03-15305,12.630490655415759,0.3534065887897628,0,1,0
2.5164694380267667,6,T21-03-35735,0.8991661908930124,1.8802515943509788,1,2,1
6.493167404854478,2,T21-03-50517,4.285097702702146,0.40011742870906375,0,1,0
0.846934628488184,7,T21-03-89112,1.6184478276800116,1.761999260585826,0,2,1
0.5873050283190654,6,T21-03-93105,0.2731657609395727,2.02091141793201,1,2,1
1.7161892268678254,4,T23-03-34578,0.5910539802183478,1.0973411459958111,1,2,1
30.809686870178048,2,T23-03-99835,10.99520149108489,0.42495433667837657,1,1,0
2.5813994581646176,8,T22-03-71726,1.8248003363531915,1.5382308450518039,1,3,1
2.012963432584026,3,T21-03-04835,0.7248091371041718,1.384020854355539,1,4,1
14.902907068013144,1,T21-03-37892,12.008026386392029,0.5078865273501383,0,1,0
1.500926390932738,6,T23-03-29189,2.263937601129596,1.3580516194168215,1,1,1
17.57993185914784,1,T21-03-17100,13.170669038775733,0.26498441122436234,0,1,0
3.0528447375569416,9,T21-03-39764,0.43281057273546675,0.8379876222056389,1,2,1
1.0085012596946492,4,T21-03-97239,1.473690893031288,2.1733029281276828,0,5,1
16.928210507512514,1,T23-03-17144,6.074837448651021,0.3730192172753642,0,2,0
1.1872614925105203,3,T23-03-23954,0.4199727000395604,0.8322346349318189,0,1,1
0.5400435016258128,6,T22-03-10478,0.1,1.7912978694951178,0,3,1
30.97964867331667,2,T23-03-67661,6.2824209478206,0.1386034226852329,0,1,0
13.317539452679656,1,T21-03-10267,5.905758894467937,0.3138837776556062,0,1,0
2.471254948779536,3,T23-03-26069,1.008493206330725,1.3251531704101225,1,4,1
26.083479919733136,1,T22-03-76125,4.388162207749869,0.10110840965420895,0,2,0
1.806849099782637,3,T23-03-53441,1.6156485446870077,1.0140076821339161,1,4,1
19.775768798847036,1,T23-03-32254,10.660920746397506,0.3128732750982199,0,2,0
0.43678173730676084,6,T22-03-26614,1.7753942379216057,2.055403628793464,0,5,1
1.7200419123201225,4,T21-03-19282,0.6301294884814924,1.2242327321324433,1,4,1
23.424824731231674,1,T23-03-09184,12.933169191886117,0.12138812132889057,0,1,0
2.6384975565303814,5,T21-03-10789,1.5076237248320752,0.8475519603075742,1,2,1
1.7723709366625484,7,T21-03-71895,0.8569271547134429,1.3270115758099448,1,3,1
11.57257512623143,1,T22-03-12999,5.8492316610649855,0.30520632696282335,0,1,0
19.94877061042163,1,T21-03-60279,13.774345174602805,0.3293456565038577,0,1,0
21.01107540895824,2,T23-03-68244,16.428947994264192,0.10118590395991114,0,1,0
0.18123008566501192,5,T23-03-36368,0.3429065148908414,0.9453892619123211,1,3,1
29.96438090563419,1,T22-03-24917,8.666590760720716,0.2111261888734603,1,1,0
0.3267606894243405,6,T22-03-72847,1.4067927501105562,1.3799432153149966,1,1,1
21.118159508766652,1,T21-03-81974,10.390527789668475,0.3367388035332906,0,1,0
21.54131190685764,1,T22-03-73506,14.086072196625198,0.570657583753805,1,1,0
18.921829667868625,2,T23-03-76918,16.330638569974017,0.2368746754155942,0,1,0
1.687503391482437,9,T22-03-78344,0.43044307829590706,1.6609319278556927,1,3,1
9.026506480446812,1,T23-03-48756,8.685681918513687,0.38666243756849106,0,1,0
7.761530626963517,1,T22-03-36397,7.8821377604279155,0.1241034943715206,0,1,0
1.8343837836497077,2,T23-03-68247,0.5724599054696585,1.2031953244375089,0,5,1
14.84831616299153,1,T21-03-15048,16.01100249022104,0.3016018349598438,0,1,0
2.31150572121069,7,T23-03-71431,1.560911884269285,1.8453994017466333,1,1,1
1.4434516919238571,8,T23-03-12182,0.17530291722507282,1.7664897117672367,0,4,1
1.0807992217624822,4,T23-03-87312,0.28681894935006846,1.011369983727649,1,5,1
2.8597657529186207,4,T22-03-07564,1.9816351359267883,1.2120923259753729,1,2,1
0.9856609790386001,7,T23-03-10616,0.992397422871375,1.5101584304089313,1,1,1
8.172326634465959,1,T21-03-90093,16.111222867325175,0.19119017308334202,1,1,0
0.4193759076420249,5,T22-03-41844,0.4575300094335275,0.9315983411299255,0,4,1
13.85485978961372,1,T22-03-30448,14.654589713176069,0.5452887674092627,1,1,0
27.666988105176376,1,T23-03-43642,17.819798243747506,0.0942059704979107,0,1,0
4.580485023638815,1,T21-03-70831,6.44491896220142,0.47350041956724764,1,2,0
2.139480804649465,6,T21-03-99616,1.6080736177512935,1.8766206334721929,1,3,1
0.11525133355449196,5,T21-03-49138,0.5445999080832831,1.8992201292286264,0,2,1
25.818623810785198,2,T21-03-01007,11.361778597939056,0.4279218589119847,0,1,0
1.14355447956425,3,T22-03-63888,0.2387493205421384,1.4518941378563173,1,4,1
1.4802149782755247,7,T22-03-13025,1.9488050852572407,1.4005698659516075,1,3,1
2.124470037649208,7,T21-03-28602,2.048885063402955,1.380276006103592,1,3,1
11.108450214230233,1,T22-03-05776,17.06668906032671,0.4706564479636901,0,2,0
6.422325556528505,1,T21-03-65455,9.055359114763737,0.31297614468281043,0,2,0
2.244465704520095,4,T21-03-41688,1.0177852644065977,0.7895742758389172,0,1,1
19.516370950982434,1,T22-03-63483,9.948199302925396,0.11478539977798252,0,2,0
3.2411414780127608,6,T21-03-64881,1.9441325003888408,1.3705096589815156,1,4,1
13.478471393910503,2,T23-03-21288,5.795649005433767,0.19478432313835242,1,1,0
0.8420315496890878,2,T22-03-75717,0.8641561289448025,0.9336753084394344,1,2,1
2.30712484457665,5,T21-03-78339,0.20280995906396387,2.142362240113523,1,5,1
16.250723936200735,2,T22-03-42229,11.932208604000126,0.338757739278691,0,2,0
14.836814080139893,2,T21-03-64324,15.555871501992016,0.30796605420293943,1,1,0
1.2133963202245783,8,T21-03-21927,0.7743608415147285,0.9871755547706793,0,3,1
0.6554000707382471,5,T23-03-23499,0.8505474169171989,1.724917156002235,1,4,1
11.187552054311581,2,T22-03-81537,4.986839161771075,0.14168537272171217,0,1,0
2.906970402968013,8,T22-03-45272,0.6187530566873317,1.2758509848013349,1,2,1
3.382847707694023,3,T22-03-48320,0.1341800057068103,1.1145702518622638,1,4,1
1.367066267974173,6,T23-03-79134,1.2374099174464739,1.3931349041166716,0,5,1
2.5296054765941483,4,T22-03-67203,1.5861242793557477,1.0297470587161122,1,1,1
13.345086245024804,2,T21-03-83360,4.650418484182873,0.3239485265766742,1,1,0
18.400241027907228,1,T22-03-04760,8.614480244859253,0.3127385888995601,0,1,0
25.55716725080898,1,T23-03-36914,7.240890678465029,0.18971402509149593,0,1,0
6.7833465737147325,1,T21-03-43596,6.162522246301835,0.3730746210491539,0,1,0
0.2194822035439497,4,T22-03-59189,0.32903579463881577,0.6989887617184649,1,2,1
22.597876868608957,1,T21-03-34084,9.564383572794998,0.35060879205543233,0,1,0
0.6628323920443869,6,T21-03-17014,1.4077703128452628,1.291664998640953,1,2,1
16.092686092312505,1,T21-03-98032,6.157600309478062,0.4338030518210568,0,1,0
17.680455556035447,1,T21-03-10106,14.384047656385064,0.1381052631851728,1,1,0
25.29028306100618,1,T22-03-19201,11.87580204833757,0.11567085838966396,0,2,0
0.1,5,T22-03-98936,2.202643850136037,1.3892771399316337,1,4,1
26.660617514821777,1,T23-03-04895,5.677057929468999,0.10224631367537554,0,1,0
1.6085259717728473,4,T23-03-18073,1.7404181534572465,1.446268324386367,1,5,1
5.751606760676647,1,T22-03-73800,16.191868169503486,0.19148756426785604,1,1,0
2.489903196892497,5,T21-03-91245,0.8880725510452735,1.2830119423728457,0,2,1
18.98265486968216,1,T22-03-52188,4.2561689484315295,0.3217996350719747,0,1,0
18.881928739666744,2,T22-03-28141,14.582611165816894,0.4341294608215912,0,1,0
13.89738559531565,1,T22-03-99071,11.502103175226564,0.1640686987650243,0,1,0
16.555312324074553,1,T22-03-24022,7.377364091630939,0.5230921721316625,0,1,0
1.8732958114486502,7,T22-03-21223,0.9018572416029212,1.7075618836274777,1,1,1
15.270871820771037,1,T21-03-92961,15.333879216035173,0.13394849488536037,0,1,0
2.0554621833550186,5,T23-03-70067,0.8422965181426179,1.373153705020905,1,3,1
23.34119447331131,2,T22-03-91074,5.489029318228824,0.5126484612435517,0,1,0
14.91707740019228,2,T22-03-26806,11.595791432739533,0.3341034609824944,1,1,0
0.8810934101956789,10,T22-03-48758,0.6444127927196611,1.5696696629914255,1,5,1
0.3034921382749413,4,T22-03-64028,0.4806056196899561,1.4998882553001678,1,2,1
20.588557954035625,1,T23-03-51612,15.6031229920165,0.17403841033487202,0,2,0
2.4151997700965318,5,T21-03-03081,0.4610458273255342,1.2647873833641863,0,5,1
1.898361950294985,3,T21-03-19873,1.799868289717412,1.410597309933457,1,2,1
10.508686541694688,2,T23-03-59796,16.842652753861366,0.1341815012388896,0,1,0
2.0433249386478574,6,T22-03-65697,1.6811952811341675,1.5805513772006285,0,2,1
6.364618930988554,2,T21-03-33937,14.064698484559528,0.4330409711849947,1,1,0
2.360894781594144,3,T23-03-84045,1.4220280220946475,1.1923428036923722,1,3,1
0.7689476867293802,7,T23-03-83369,1.7560981419918593,0.9735108004031673,1,3,1
0.11973768944865631,3,T23-03-94848,0.3635793423005286,1.386152188228892,0,3,1
4.709347221105027,1,T22-03-41800,12.48660084753372,0.3328221415287056,0,2,0
13.752063469839156,2,T23-03-65428,12.125612461011055,0.3697031058989406,1,1,0
11.00284915204727,1,T21-03-06304,5.504020922922536,0.3876753593856616,0,2,0
9.915662156762483,1,T22-03-69184,19.261872836836414,0.34227225848900883,0,1,0
10.531122214688253,2,T23-03-10800,12.396631960292716,0.3915992157848219,0,1,0
0.3430718129856984,3,T22-03-29118,1.6788763334018668,1.4167495532724914,1,2,1
12.472135463798839,1,T21-03-75939,8.44372176318085,0.4837490644995568,0,1,0
16.70285988778627,2,T23-03-79473,6.610754258085392,0.19353201591481342,1,1,0
27.86808682343042,1,T22-03-56481,14.82283788191708,0.13969451873451547,0,1,0
25.757009709457808,1,T22-03-95665,11.619202428986014,0.4733214201358127,0,1,0
26.799769310187095,1,T21-03-25556,11.781018958366818,0.4166836200600861,0,2,0
0.44383939811713224,4,T21-03-58067,1.3204680919982736,0.776438620769012,0,2,1
0.25737858870589003,8,T21-03-53798,0.5268460930827035,1.6405307352919718,1,3,1
0.45096400739542536,5,T22-03-46738,0.14108605747870956,1.2718429875948516,1,3,1
1.0443166867571334,9,T23-03-28365,1.3165056844277228,1.527199151188421,0,4,1
1.0031929057135782,5,T21-03-46733,1.6217070594901748,1.5511358150037502,1,5,1
2.4138925815168215,9,T23-03-66314,1.438541725262758,1.174810723364325,0,6,1
2.1482461873536756,4,T22-03-71853,0.41628355130587796,0.8437490620636316,1,2,1
1.6865715066534874,8,T22-03-46571,1.7093450108341608,1.05406431534585,1,2,1
18.44390514903222,1,T22-03-24000,7.350206453076661,0.3542534320802642,0,1,0
23.21719975019795,1,T22-03-31337,13.376673683419572,0.21342810429402148,1,1,0
12.784545572647607,1,T23-03-21386,11.181127125121558,0.37068615912355596,1,1,0
15.397321726810617,2,T22-03-38211,5.384381714986637,0.38004593010808946,0,1,0
2.4341753230412984,3,T23-03-74637,0.3919043343389932,0.9852770811074079,1,1,1
15.39693373717495,1,T22-03-38244,13.501247124598237,0.37575807686889356,0,1,0
26.940017360514787,1,T22-03-62493,12.663092298860851,0.27656059476124345,0,1,0
30.322970702550496,1,T21-03-81926,21.469364268256797,0.23235462380171584,0,1,0
1.1520016024878776,5,T22-03-08767,1.2030813214043925,1.40162010399596,1,1,1
9.368981474059169,1,T22-03-37226,9.217643113873875,0.16262980840539362,0,2,0
29.56047808708444,1,T21-03-25372,5.201982861010663,0.5005263739350296,0,1,0
19.857525835847188,1,T21-03-56882,7.339225762033089,0.4611729367270586,0,1,0
13.743782106009535,2,T23-03-20219,16.249227437420387,0.208721134360277,1,1,0
0.2113410360546321,6,T22-03-55690,0.9839980407804816,0.9360941445498671,1,3,1
1.8247596140149709,9,T22-03-72805,0.6508855138096592,1.1714720050169165,1,3,1
0.3186597780931816,6,T23-03-19503,0.8549694737451399,1.9476304271453286,1,3,1
30.055597864178942,1,T22-03-36188,7.040965401734267,0.22285548342763076,0,2,0
2.1260589522046884,3,T21-03-42727,1.4473254000895555,1.989692462721015,0,4,1
2.0085683962504106,7,T23-03-19810,1.8746739455320975,0.7433135323925291,1,4,1
8.142774287316838,1,T23-03-68487,18.974576342270286,0.2624591390207989,0,1,0
1.194784353281325,5,T23-03-07190,1.1475001509542007,0.7960779810563033,1,2,1
12.309915499023859,1,T22-03-74763,17.206871222811348,0.42581213055988887,0,1,0
11.984581131350222,1,T22-03-79623,5.870389832886136,0.4410037883541321,1,1,0
20.9221082442453,2,T23-03-32441,13.614902661038697,0.35941575447745494,0,1,0
7.634526106559402,1,T23-03-54040,12.10646272773078,0.38502647525662925,0,1,0
16.506583069880083,2,T23-03-85992,19.906394096497092,0.19677504449249925,1,1,0
0.5792267582546555,4,T21-03-18135,0.7698070493922899,1.6551955173828445,1,5,1
31.887355392371475,1,T22-03-61997,4.824341366380721,0.14593030172704877,0,1,0
2.0157915611976818,6,T21-03-01401,1.0589340893075385,1.0375212591951852,0,3,1
2.9999233692999656,8,T23-03-55668,1.589740004071898,1.2232073059434359,1,3,1
17.137646662030136,1,T21-03-02204,4.330993732983706,0.3459343232439148,0,1,0
0.5094739481042966,6,T22-03-96762,0.9632434318636705,1.8435291072167412,0,4,1
0.23531225189131655,3,T23-03-90270,2.246193517810243,1.3977247206473709,0,4,1
1.3067266034957807,7,T22-03-65101,1.2342668679618443,1.5432177837795609,1,2,1
21.4341453041799,2,T23-03-38870,3.9558816572328284,0.4528208611560033,0,1,0
0.5609128197057947,3,T21-03-56746,1.7649344078334246,1.5898723040965081,1,3,1
24.11320688725072,1,T22-03-63227,6.773556919257647,0.26313485186867547,0,1,0
1.1382965833623306,6,T21-03-53521,0.8395908728052957,1.4155914995895418,0,3,1
1.8239712655610867,3,T23-03-02871,1.6341694983058144,0.6349538568740007,1,4,1
0.6076652466968494,3,T23-03-94319,0.7630543447445634,1.0990496170088413,1,2,1
27.83222520586541,1,T22-03-84995,4.407082289260285,0.21674940955865113,1,1,0
2.5885444076939055,6,T23-03-90453,1.3893010977688973,1.7560901418419814,1,1,1
32.338913512859094,2,T22-03-89272,10.581534652546706,0.17298418690813455,0,1,0
0.23467801811800193,2,T21-03-74704,0.806946482565872,2.326020327147487,1,5,1
2.0332582112045228,9,T21-03-95102,0.9412754652061356,1.8176058286329067,1,3,1
1.424296909618415,2,T21-03-25675,0.7928346976518825,1.3706866493292615,1,5,1
1.6445628064944782,3,T23-03-84892,1.1548632129239558,1.4979452543735294,1,4,1
0.9895031162095942,8,T23-03-16835,1.3921734764737574,1.639631493907551,0,4,1
14.177340158691104,1,T22-03-59722,9.11505757584948,0.36893523056068867,0,1,0
2.426413121987377,9,T23-03-90563,1.2794614825040085,1.0808526613856597,1,2,1
1.740651705207541,3,T22-03-95556,1.6840363173575126,1.3228627390226235,1,5,1
8.343895120593713,2,T22-03-97718,5.728871365274687,0.3045333266384046,0,1,0
4.320914815498785,2,T21-03-36963,19.41974443257293,0.13523165727040184,0,1,0
22.766193146294178,2,T23-03-01920,7.007025585548658,0.39584805185895505,1,1,0
13.810543618156666,1,T21-03-94574,10.46017523668104,0.5116398817878931,0,1,0
11.494256511598936,2,T23-03-60128,20.43116239685143,0.25181267987564326,0,2,0
0.6682199490860721,3,T23-03-43326,1.0924111641626848,1.1886487939198611,1,4,1
2.4513186075384077,5,T22-03-92708,0.7021037854440159,1.9479749504327701,1,3,1
17.3748293276509,1,T22-03-81982,7.3995061988156605,0.3234515152340109,0,1,0
6.07372782246666,1,T22-03-13652,19.71011826116933,0.35852804176313235,0,1,0
24.886117675013818,2,T22-03-03606,14.864812110182598,0.4759558095825756,0,1,0
23.748182786892915,1,T21-03-00136,5.628839937173716,0.4340880936923043,0,1,0
23.27517006010258,2,T23-03-01700,7.154603767755868,0.16118219795917227,0,1,0
14.620273445357965,1,T22-03-41458,12.562343816841947,0.16241773434234336,0,1,0
2.1891329386153253,9,T22-03-36320,1.3765181951953287,1.0533497373083172,1,1,1
15.174362503590164,1,T22-03-71696,13.725404751801559,0.4922051066016154,1,1,0
2.4644220264363246,3,T21-03-42056,1.819691246421459,1.013049502182588,0,2,1
2.9930086748234146,4,T22-03-34872,0.2377866793301849,1.9196479224024254,1,2,1
0.8258446522260561,8,T21-03-51756,1.0593452344255427,1.358115894158529,0,2,1
21.26225416273668,1,T23-03-64925,10.053623310703175,0.3689281177839809,0,2,0
1.5312378431142277,2,T21-03-59197,0.13158374025070177,1.0972645212067687,1,4,1
1.9941399095260557,3,T22-03-66025,0.6142564329580926,1.1995686016180356,1,4,1
1.7039585928485514,4,T22-03-43307,1.6546912383568768,1.5640970502352773,1,3,1
1.5479650627052703,8,T22-03-47788,0.542801466787495,1.5673500164685736,0,3,1
0.5555314376260476,2,T22-03-20324,0.9909400576271177,1.0873831856606062,1,5,1
21.014786358511277,2,T23-03-90012,19.34305206134299,0.19934055698950376,0,1,0
4.8926448147377135,1,T21-03-84748,19.934540287076153,0.27892965477654497,0,2,0
2.1452855986034476,6,T21-03-93308,1.240188507792679,1.7977882949731832,1,2,1
28.120179716285744,2,T23-03-68798,14.233053454022087,0.4219418198609441,0,1,0
2.415240842008935,10,T21-03-91051,2.2798287152262366,0.933505988652729,1,1,1
4.941573684715563,2,T23-03-59821,3.914118761784862,0.16330502304035038,0,1,0
20.921695364446155,1,T22-03-24519,4.794787321052438,0.291802669837855,0,2,0
1.2705989370275277,8,T23-03-66798,0.7491278821417315,2.0113389884894186,1,4,1
0.9022383643027871,7,T21-03-35903,0.8294538402625437,0.9943022901808422,0,2,1
4.4793682705493065,1,T21-03-79655,18.200163263206154,0.2650899724430629,0,1,0
0.7847759036226768,7,T22-03-59287,1.3538469188426023,1.4021659781504694,1,3,1
6.134170951324404,1,T21-03-87438,21.11466934298078,0.4762902722836166,1,2,0
0.48422016886206226,10,T21-03-98530,0.9697308089310357,1.903172045545616,0,2,1
20.232215965572447,1,T23-03-46151,5.771659415561717,0.4787048539342137,0,1,0
7.3336784248248374,1,T23-03-93065,16.739207444841192,0.3427442783047045,0,1,0
1.58641629280552,3,T22-03-53772,1.1627644152499044,1.5670951575905767,0,2,1
24.754451588563132,1,T21-03-90022,6.58105985188654,0.3380074470798983,0,1,0
0.2217770799261552,3,T23-03-30676,0.9175502081976248,1.6631937771369352,1,2,1
21.60905716777602,2,T21-03-19692,17.60436311733166,0.39054351612593313,0,1,0
3.223158461798651,8,T21-03-75476,0.7393032982888521,1.03930576239584,1,4,1
1.040887857067797,3,T21-03-09221,1.1519716836914649,1.6701800970784606,1,3,1
12.86694384953172,1,T22-03-71762,8.023588061554976,0.4529373679920513,0,1,0
22.5926496803943,2,T22-03-93079,15.364065410472104,0.2225108110990802,0,1,0
2.561662001947076,8,T22-03-98262,0.6054011030963934,0.9402518313698267,0,3,1
23.310608534732765,1,T23-03-40953,15.125320100313498,0.36185723923555624,0,2,0
2.102974768183695,4,T23-03-68309,1.0334214161143567,2.396931844419475,1,4,1
0.4235212575143213,3,T22-03-05898,1.4623707223568212,1.6275713340695002,1,2,1
16.938445698694572,1,T23-03-18816,17.292181268582745,0.4394067317862411,0,1,0
13.914084036924468,1,T22-03-42222,9.38325566784177,0.3018144504453137,0,1,0
2.9941084129962503,2,T22-03-68154,1.8969030937141327,1.9022436269082292,0,4,1
1.7561747424301044,3,T22-03-10283,1.6536393367024877,1.846120243849468,1,5,1
0.2218697138115412,5,T23-03-46799,0.5364882221578208,1.3855398412509996,1,4,1
2.3596920341149836,7,T22-03-27877,0.9641241164500933,1.3017490820083215,1,4,1
25.516224355194215,1,T23-03-83973,14.68321548642642,0.19523568350223347,1,2,0
21.684629512381022,1,T22-03-83136,12.496382274603056,0.4303513359171948,1,1,0
1.1997709110501478,5,T23-03-35699,0.308540910115575,1.5294170980222874,1,2,1
0.6832150387104737,2,T21-03-45865,0.11796022169588434,1.5128148482197519,1,5,1
1.9523847236759317,8,T22-03-04922,0.33001213651611455,1.5085616410706544,0,5,1
0.8820356034012238,9,T22-03-91996,0.5470478205945613,2.032903212712635,0,4,1
11.18170902402908,1,T21-03-21097,6.7120460217143725,0.15350504576137966,0,1,0
29.670263705441425,2,T23-03-83829,7.960358194071116,0.15653268755765132,0,2,0
24.86794904433368,1,T22-03-28164,5.871661735355311,0.11652588566495975,1,1,0
2.097996940326776,9,T22-03-90071,0.1489869190369,1.4028271326216055,0,3,1
6.594010995975323,1,T23-03-39321,17.50155423001142,0.22119787113183448,0,1,0
8.609488036668852,1,T22-03-51502,4.693325112477891,0.37259894700237167,0,2,0
10.838992728345595,1,T21-03-90633,11.980288031213645,0.4141527001537636,0,2,0
23.929532869547064,1,T22-03-19053,18.54521049183672,0.5298617245298658,0,2,0
3.1805916556088447,5,T21-03-27564,0.5680517292838896,1.7154565577888392,0,1,1
9.345348196378623,1,T22-03-84284,17.147943126405927,0.30932352147715847,0,1,0
1.1431563340523483,5,T21-03-99572,0.34872945327640426,0.9132529267907683,1,1,1
18.491262840384366,1,T23-03-15960,5.444350034200587,0.13724382507900468,1,1,0
2.438337385019399,7,T21-03-94913,1.5668987205720906,1.3390547842220295,1,1,1
6.253487918497389,1,T21-03-57514,8.706248970515695,0.3726504540369401,0,1,0
19.634971027265713,1,T23-03-84719,4.513691638526595,0.12919024222416198,0,1,0
0.9789919476099656,3,T23-03-30771,1.9723016005653924,1.9211969399900584,1,2,1
22.36886376750374,1,T22-03-36405,18.723961157444002,0.3829723034735399,0,1,0
2.845489580571201,9,T22-03-36386,0.888651247919685,0.9907957312772999,0,4,1
0.45122746900722305,2,T21-03-56809,0.3798738391180265,1.3834644362879225,1,2,1
8.142915598095724,2,T23-03-63965,11.141256972661846,0.40983894079273187,0,1,0
1.0087584675656838,7,T23-03-74286,0.2791920857429025,1.8017123245096063,1,3,1
1.108006582600549,3,T23-03-99782,2.2184682962959252,1.0529554733333981,1,4,1
0.13440079873624025,6,T23-03-33672,0.735020663713875,0.9335912943981536,1,4,1
1.4756978456487093,6,T21-03-29793,1.8588376752145712,1.6682405904903128,1,2,1
0.4975939725382494,7,T23-03-12720,1.3020987918886096,1.6073873203716662,1,3,1
2.2766741861881634,9,T22-03-82508,0.4344653277808999,1.5080965946814164,0,4,1
7.0866277236400474,2,T21-03-65524,14.347717299944996,0.4666203492591508,0,2,0
0.3268250880297877,4,T21-03-65066,0.40908433705225283,0.8760643180504257,1,5,1
8.936037177126927,1,T23-03-84573,6.64248683697947,0.4796372168509752,0,1,0
3.2556692445473905,6,T23-03-38196,0.5289333103315611,1.3470691283409972,1,3,1
2.743269332803646,5,T23-03-83232,0.466666953931803,1.462788539582548,1,3,1
3.175252802356544,2,T23-03-51413,0.8315212572905156,1.365262226159847,1,3,1
21.106014880387903,1,T21-03-83860,6.362410844688173,0.1331987315410404,1,1,0
1.7853087298741432,7,T22-03-94503,0.7112838290822523,1.8940225424921693,0,4,1
21.293547528216266,2,T22-03-00901,6.40852936068786,0.24679812249716215,1,1,0
1.8402607418684351,4,T22-03-85473,1.6828948272929498,1.4063558403029095,0,1,1
1.818038279413723,3,T22-03-90456,0.21215309569140822,1.632783580882107,1,4,1
2.3203686406514303,7,T23-03-66727,0.5158307120659119,1.3503615497471668,1,2,1
0.763777447311628,4,T22-03-73324,0.23245656933954364,1.0919668876094215,1,2,1
15.263174944937532,1,T21-03-17558,17.042937420019587,0.4289867901622766,1,2,0
13.453044851923652,1,T23-03-29265,8.578835622471205,0.2426365316596265,0,1,0
2.4716330764226146,10,T22-03-31186,0.2790894449650177,1.0212987625361725,1,5,1
1.010405214114913,8,T22-03-71894,0.9636616071311802,1.5576673637202352,1,3,1
26.438420762295262,1,T23-03-42771,7.014894535715182,0.32842929527021825,0,2,0
8.256484498973425,1,T21-03-50906,6.538760266996583,0.35047623060821637,0,1,0
9.583748347424853,1,T21-03-29086,5.463624787186526,0.25300148062129896,1,1,0
0.4214027621134265,7,T22-03-47662,0.35941769871693213,0.7104843249576559,1,1,1
1.8029550196501236,7,T22-03-13668,1.0949806999054597,1.1377480682119954,1,1,1
0.9832978970794939,7,T22-03-31875,0.6663424855535511,1.5701427631686373,0,4,1
2.9391648734468077,3,T22-03-09824,1.228210224575414,1.1007341709796516,1,4,1
25.823184211933206,2,T22-03-05583,4.7153281080652985,0.2609887841778633,0,1,0
28.02709500231706,1,T22-03-41785,21.60323139394496,0.38513141930411476,0,1,0
9.712642444660611,1,T21-03-62894,4.3934391987930805,0.4004483225613602,0,1,0
1.2749809813046276,2,T22-03-78282,1.001786017103049,1.6415561728748693,1,2,1
0.42220426886558604,6,T22-03-28610,0.13661077463444757,1.750810833593516,0,2,1
2.6941205059791953,6,T23-03-32016,0.9718185768143348,1.473001948773792,1,1,1
1.8720900419054516,3,T21-03-80356,1.2364044617375045,0.9055782894436923,1,3,1
30.86253596268971,1,T21-03-79737,11.258487206620735,0.29938958402013616,0,1,0
12.273530065641125,2,T23-03-49768,18.297486106601436,0.33594429152658684,1,1,0
22.97596699063586,1,T21-03-88095,6.305523935745119,0.2779776115595109,0,1,0
7.009578587791139,1,T23-03-19572,7.040976887556881,0.2944540869052976,0,1,0
2.579787397304622,7,T22-03-57196,1.8532417643086128,1.1190980423721164,1,2,1
29.788045393746707,2,T23-03-40718,15.319809941360178,0.28252699427251887,0,1,0
2.7631040424684805,5,T21-03-94774,1.8800302128510924,1.5232815706486906,1,4,1
1.4230539307005783,8,T23-03-78683,1.395175276618756,1.4175709282990563,0,3,1
1.7380967369810494,7,T22-03-71216,1.1233800665871514,1.6461540476070118,1,2,1
21.078609343381533,2,T23-03-04994,20.31590352128594,0.3651491671990309,0,1,0
24.765900803579033,1,T23-03-34565,17.63806232059029,0.4242285896511392,0,2,0
2.0226645711634954,2,T22-03-64016,1.0532352016505757,1.9402918399141036,1,4,1
16.670980064587415,2,T21-03-91074,4.959593915182563,0.17587647753742275,0,1,0
22.19339718706311,1,T22-03-33541,4.639415577592635,0.18858950123422932,0,2,0
1.0206105939391013,7,T21-03-09045,1.7398964482967973,1.4733543799519413,0,3,1
9.224175495604651,1,T22-03-80583,8.344613062025815,0.27768999717278947,0,2,0
15.558628557175123,1,T23-03-99041,5.7345730190106226,0.13675399144946424,0,1,0
1.1468716945104622,7,T21-03-63221,1.591582870803176,1.1848760351473797,1,1,1
15.733488344626416,2,T23-03-46330,13.066065735247022,0.13412464908447738,0,1,0
0.3979298884858443,4,T23-03-47801,1.5313058480197286,1.541558259417859,1,5,1
0.5903324205090839,7,T23-03-68580,1.2479344475590815,0.8031874112756578,1,2,1
10.231353631419932,1,T21-03-60101,20.318099167618733,0.46341977310261967,1,1,0
20.55768260769822,2,T21-03-80171,4.420229186042649,0.2689517146316882,0,2,0
18.901363266337484,1,T21-03-82464,17.471790016024418,0.17020012671501528,0,1,0
1.8841885619418852,7,T22-03-91555,0.3738992909220771,1.7216820152103258,0,3,1
12.50395814226939,1,T22-03-72267,7.427042517420907,0.22736380617637186,0,1,0
1.937138971732994,9,T23-03-77360,1.0655530379672924,1.805632167162606,1,4,1
16.77576146616111,2,T23-03-89626,11.707370180333946,0.3726871551308436,0,2,0
0.2527598663560334,5,T23-03-03317,0.7465282099694902,1.2439115793307185,1,1,1
4.2012654097606905,1,T23-03-33132,9.25697267674628,0.4453494540265902,0,1,0
25.32599181124777,2,T21-03-63879,6.856650986645438,0.09485845889917281,0,1,0
1.7594112782682336,5,T21-03-79693,1.1933935853921662,1.369745712058716,1,3,1
12.279702706600707,1,T21-03-96887,9.4674453514584,0.30626393617709396,1,1,0
7.252747170156496,1,T21-03-14390,9.315138806725667,0.5465053227485607,1,1,0
2.4895843794368893,5,T22-03-96297,0.5702233147771195,1.3296967141871294,1,1,1
1.7134772413857005,2,T21-03-59305,1.703930936432212,2.0495239872559043,0,2,1
20.018871509842356,1,T21-03-19156,6.2604987989899366,0.1928921015257568,0,2,0
1.9696832691137027,7,T21-03-29777,1.4568249258259713,1.2295702200050147,0,3,1
0.9371547765605063,5,T23-03-84685,0.47955919753285164,0.7401330453849068,1,1,1
1.442047479388062,4,T22-03-06523,1.007609050169062,1.6011222213918956,1,3,1
26.52409346835319,2,T22-03-36018,14.434908819670802,0.23879033732647956,0,1,0
2.145741298555285,3,T21-03-48773,0.41975776161004635,1.1762176248147616,1,4,1
26.88326488999592,1,T21-03-77095,10.445996031762075,0.3832833856070987,0,1,0
2.50635265653352,5,T23-03-51638,1.1253441931657262,1.9251128451217907,1,1,1
14.428519382926906,1,T23-03-37122,18.130302726831115,0.26845065418682834,0,1,0
0.23763910446179273,3,T23-03-55711,1.2274118501441151,1.2248895035559064,1,2,1
2.0307534164940644,7,T21-03-26183,1.501430391023451,1.1458359540584366,1,2,1
7.832471059705597,1,T22-03-90198,12.002352488385226,0.31513472856855856,0,1,0
8.557619176348279,1,T23-03-57241,6.639698775401732,0.262938830407171,1,1,0
33.175689543621694,1,T21-03-33785,17.435708949579354,0.3777268071498279,0,1,0
1.8692258582367403,9,T23-03-61720,0.8075913606965007,2.056832858953473,1,4,1
29.909156408792445,1,T22-03-31819,17.47459591977586,0.2709245624132964,0,1,0
2.4989318260338305,9,T21-03-69263,2.0514331875898746,1.8873644838002621,1,2,1
18.36552265319122,2,T23-03-04551,9.899957701993648,0.16088582211219912,0,1,0
27.779046719433858,1,T21-03-60277,18.040531990887175,0.08954476503144895,0,1,0
0.617147042075318,6,T23-03-91356,0.7585720676144999,1.8356106811091089,1,2,1
31.5735850291725,2,T22-03-99108,15.230589717448309,0.2380950439914587,0,1,0
29.295640265493244,1,T21-03-59840,9.753134440073447,0.5079770304958383,0,1,0
5.703485334864068,1,T21-03-64994,8.462954476694991,0.23658620732848784,0,1,0
0.6891180280244019,5,T22-03-13288,0.9095944998880133,2.1334241891260075,1,2,1
26.762798847638365,1,T21-03-86322,19.3139704418568,0.333778083097817,0,2,0
6.626742646562207,1,T23-03-01582,9.707127137367337,0.3283713886971827,0,1,0
17.469087428586846,2,T21-03-89743,10.916980927769373,0.21341196216044217,0,2,0
8.710789584084473,1,T22-03-31416,7.978474259948867,0.3950995757023956,0,1,0
0.30452647827809987,9,T22-03-93144,1.5346133538276225,1.9729564373356518,1,4,1
0.8194648117412605,7,T22-03-84171,0.2787885780422995,1.1002217579766609,1,3,1
7.036950097893675,1,T21-03-83565,15.71011935955473,0.1408732218442011,1,1,0
1.136734582859136,5,T21-03-71805,1.2782208501916186,1.6702376606548623,1,3,1
9.101670439047576,2,T22-03-85617,13.600231984015405,0.17043817277174508,1,2,0
0.6005018245284072,6,T23-03-49853,0.8309506061696712,1.3325966432033054,1,4,1
17.201145473447887,1,T23-03-30988,14.051550975104053,0.16235569236088765,0,1,0
0.1,3,T22-03-27181,1.1968295516993621,1.5666094738195022,0,4,1
8.716182877105608,1,T23-03-71318,13.06578321737075,0.26973186899868484,0,1,0
2.134380694185774,3,T23-03-15791,1.7655967692806689,0.9904124977390961,1,3,1
2.087507145309883,6,T23-03-58773,1.4938420470059985,1.516370451337111,0,4,1
0.22092777572353622,5,T22-03-77567,1.2868298193439471,1.9893500264868937,1,1,1
32.834165703947306,1,T23-03-12666,18.32857151217328,0.18920320542295094,0,1,0
1.676004154138011,4,T22-03-05796,0.38594076723960036,0.8059813237581267,1,4,1
2.4428198775334806,8,T22-03-09752,0.7829830341540742,1.6420604206091332,1,2,1
2.50595272175226,6,T21-03-04792,1.7125648891423981,1.0580905654366202,1,2,1
11.270936979489555,1,T22-03-14591,12.589580725200943,0.13139043680379883,0,2,0
2.3220887797252603,2,T22-03-81103,0.91731808946055,1.405148428354464,0,4,1
1.4923139405587944,6,T21-03-27626,1.2062655231029844,1.6966746770308219,1,3,1
0.7211979814753362,4,T21-03-75701,1.0124505080971675,1.3780337370955462,1,2,1
21.511721880737795,1,T22-03-94731,9.109810089159085,0.20785166570995148,0,1,0
19.680255662251223,1,T22-03-77926,21.138867719685557,0.3042193823463161,0,1,0
6.851451231200312,2,T21-03-49037,6.456178829067758,0.36409198875984433,0,1,0
0.7902175956079606,6,T22-03-05993,0.1097761746491003,1.8099112440415541,1,4,1
8.01093204659643,1,T23-03-03435,14.385887286181125,0.13666894839287647,1,1,0
3.091577287318502,9,T22-03-01737,1.3960336550307002,0.9938084181099051,1,4,1
15.80089660587718,1,T21-03-58436,6.895633851344708,0.4270997616443191,0,2,0
1.4653354766789841,9,T21-03-00769,0.34000507363954385,1.4415517825094217,0,4,1
23.65547203734553,1,T21-03-66922,15.215801383592693,0.30852715009858,0,1,0
2.58576056019191,8,T23-03-79971,1.0343287423618772,1.3083015401502105,0,2,1
16.131747589577767,1,T22-03-51153,15.170754175535482,0.37324704778235634,0,1,0
1.428601067339491,3,T22-03-02105,0.37619106601997526,1.544949396034625,0,4,1
0.6591417880870912,4,T21-03-67194,1.1215190678869331,1.5635189751614094,0,2,1
26.2478392482494,2,T21-03-57089,14.503211286604605,0.2307907673390593,0,1,0
27.38711683506957,2,T21-03-78608,8.500154847521674,0.3848457404108355,1,1,0
21.83293972308405,1,T22-03-83245,13.212897396725879,0.34248226307213914,0,2,0
18.811264978251735,1,T21-03-10683,14.058032955297673,0.0938961726751798,0,1,0
2.401940013703139,2,T21-03-35010,0.1674504116548436,1.4942310037168187,1,4,1
1.9872193213151,8,T23-03-19276,0.9753121551106396,0.8621713763156574,0,4,1
0.8657930820235193,9,T21-03-59624,0.2349478025244547,1.5201207409711426,0,1,1
20.17117635574829,2,T21-03-83656,8.350881827523871,0.11935544930115263,0,1,0
25.37358118681493,1,T22-03-91244,6.035449282451676,0.27086566763083764,0,2,0
26.540317169633678,1,T23-03-90365,14.593714963743063,0.3048025927905553,0,1,0
15.587739241791477,2,T21-03-22606,14.465555952252085,0.3854433027181482,0,2,0
1.3461219461021805,6,T23-03-33161,1.1377293260587362,1.7519436940992006,1,3,1
18.812287198524412,2,T21-03-12062,18.09827920035613,0.29285959088383257,0,2,0
2.6610519829859833,4,T23-03-15187,0.1995049551158048,1.9638669980210837,1,4,1
0.46606441869123344,4,T21-03-41831,1.2793576400836004,1.2957191691206862,1,4,1
9.826959599205022,2,T22-03-95046,10.340442207096837,0.44402913383934,0,1,0
0.9433648106461292,5,T23-03-83683,1.2872916365662412,0.9209490782916852,1,5,1
6.84286806529408,1,T21-03-25596,17.555187265518537,0.425643767392114,0,1,0
3.2242439369011073,3,T23-03-38674,2.0927186605215224,1.0268878671934476,1,1,1
6.278406025328465,1,T21-03-50227,10.80170481370369,0.10317299916130951,0,1,0
22.34697825917686,1,T22-03-94707,10.549974188504743,0.30610547607577177,0,2,0
1.6801339137877254,7,T22-03-01102,0.7664673837475453,1.4398156860792541,0,2,1
29.564475484475516,2,T21-03-26205,8.115150597245554,0.3990008942196415,0,1,0
2.2749273333680784,6,T23-03-68470,0.18348430083186504,1.8942742115984288,1,2,1
21.86848985834019,2,T21-03-54213,17.497104737527376,0.20882930554247353,0,2,0
1.0161812819125584,3,T21-03-26751,0.9802055669025774,1.4124990553097985,1,3,1
1.4351620855892087,11,T22-03-57134,1.8193738085692686,1.3828386202273188,0,5,1
6.467568581523777,2,T21-03-70102,16.45676652331017,0.19197949494765504,0,1,0
2.122776764532534,2,T22-03-29377,1.6330329549678262,0.7325242984910618,1,2,1
28.644874776470843,1,T23-03-53632,7.2150104447621946,0.1320831787510319,0,1,0
10.25019205265017,1,T21-03-98408,19.364123161949674,0.27189800421757154,1,2,0
19.657200281193436,1,T22-03-76349,16.450979876975204,0.31930636004933904,0,1,0
0.5001978225204433,4,T21-03-57175,1.3102921314382712,1.6513069587925497,1,3,1
19.588698600412233,2,T23-03-51259,8.431897964037288,0.18277620876036108,0,1,0
0.5167572695166025,5,T21-03-63171,0.7433736108072722,1.3248164591507752,1,2,1
2.740090203567866,3,T23-03-94753,0.7073237670839169,1.1241580639863544,0,1,1
8.556826118352435,1,T21-03-08077,13.913710800053575,0.3855353656963591,1,1,0
2.4695725406216162,9,T22-03-82809,1.530018720621304,1.8060479528459101,1,2,1
0.4065119193743636,5,T21-03-33351,0.6190475365423541,1.5035434448617866,1,3,1
0.158790371881356,8,T23-03-18706,1.086484034538005,1.6930497479611588,1,3,1
21.21960650839541,1,T21-03-45784,7.126446764179596,0.26331392189449987,0,2,0
12.16257733082073,1,T21-03-59072,16.971126888497665,0.07064223922337226,1,2,0
1.8026764267699948,8,T22-03-96494,1.690210165293701,0.8832178924290296,1,3,1
1.6150335652180834,6,T21-03-71309,0.21983865750108247,0.9355934398009951,1,1,1
0.2815496018838022,6,T23-03-65629,1.8834580068270852,2.1127999349842863,1,1,1
1.4369791231610214,4,T23-03-96343,1.211210381708348,1.2181378832392875,1,2,1
10.52032965241027,1,T21-03-10391,18.62979098310061,0.4619696779845299,0,1,0
1.3159272935969142,4,T23-03-00560,2.0641819501628937,1.7749319289646377,1,4,1
15.587184216479605,1,T22-03-30783,8.260449025771395,0.18104494153940404,0,1,0
0.8300248470782634,5,T21-03-14963,0.24828553854307336,1.8094748451543048,1,2,1
19.702124204713307,2,T23-03-34416,11.58262831344798,0.3381860493000069,0,1,0
1.9144263856737231,7,T22-03-76850,0.22246224786333485,1.787942928810204,1,4,1
0.5582293566067473,8,T23-03-57745,1.4479165774477256,1.848213425692765,1,4,1
15.371527163164624,2,T21-03-24722,18.62510898005998,0.26944354550416494,0,2,0
8.877245049809535,1,T23-03-28743,12.71467273176513,0.09193637785712086,0,2,0
19.861587005461626,1,T23-03-01695,14.659803219120896,0.10416804667655176,1,1,0
24.423235698804252,1,T22-03-63294,9.421254922151014,0.44775737507242924,0,1,0
22.275614586293134,1,T21-03-47734,11.804127279244067,0.5327974319138231,1,1,0
0.3418175870806184,3,T22-03-01245,0.7646724602690247,2.1621434693432815,1,3,1
2.41436276338438,7,T21-03-83106,0.8525638657630288,1.5916858097838933,1,2,1
1.1258042018265972,5,T22-03-62222,1.3451642969968958,1.3346930062040352,1,3,1
27.545504952334937,1,T23-03-91211,5.012248983260811,0.27868671923713,1,1,0
10.142888974091345,1,T21-03-54238,12.211335964135014,0.34613695740339906,0,1,0
1.8009368979059677,6,T22-03-46193,1.0379883302646893,0.8924552108967099,1,3,1
0.3202131253880704,8,T22-03-96248,0.4384172179008705,1.1803599686023891,1,2,1
26.840731963240806,1,T22-03-10447,13.345790396996792,0.27346560352825855,0,1,0
0.4962845104153747,6,T22-03-22694,1.6078401339451207,2.1025173765637386,0,2,1
16.47262369380235,1,T23-03-13092,11.178126252810118,0.5051301552812677,0,1,0
2.0675226908391524,3,T21-03-98560,0.16196799047181032,1.034525037142551,1,4,1
2.8439027287192054,4,T21-03-33439,1.1186412442320581,1.420870590153796,1,4,1
1.3524303218123488,3,T22-03-72322,0.17214008289607402,1.8832324546465815,1,5,1
1.9438926540250863,6,T23-03-73309,1.5370170514500716,1.1594002503712708,1,5,1
8.25381794162459,1,T21-03-12780,12.172769541947593,0.35090697416738725,1,1,0
25.089216475438217,1,T23-03-91556,14.188598322013695,0.30990591882414703,0,1,0
1.2723538880692467,5,T21-03-15831,1.2426147968727088,1.8146297123890673,1,2,1
1.3787717566974875,5,T21-03-12975,1.6273720360146091,1.80785251702826,0,2,1
1.6483567483186483,8,T22-03-74723,0.30410426754942954,0.8171940475663954,1,1,1
20.993777984013356,1,T22-03-54079,13.537749373820596,0.17921232519532831,0,1,0
5.762920285556198,1,T23-03-84153,10.650822997991439,0.4988784876231869,0,2,0
21.66427736790182,1,T21-03-72932,10.791500276313581,0.36549334079264845,0,1,0
1.5476925432455921,6,T21-03-40077,1.9760429755921296,1.6922565086903925,1,1,1
17.4423665498996,2,T22-03-60848,8.318596342796914,0.44048809844771625,1,1,0
0.36815315249033287,9,T22-03-40891,1.1249538985106224,1.8555860049510653,1,3,1
2.7298110646147333,8,T21-03-88263,1.773638798624324,1.7413091354794719,1,3,1
2.440692574247144,3,T22-03-76621,1.1238814142403273,1.385717264349674,0,3,1
9.787925108285027,2,T22-03-76772,15.485839458926826,0.27402794535736186,0,1,0
22.063716881903904,1,T21-03-17118,10.520875763759648,0.2815198303402505,1,1,0
25.609799679859716,2,T21-03-35157,6.235718611568368,0.36812872201702673,0,2,0
1.6191813416715408,6,T21-03-49608,0.8507138249934088,1.8735908529832783,1,2,1
0.9183665641202668,9,T23-03-68945,0.7252574036804499,1.3505330485850395,0,5,1
16.53376842650041,2,T22-03-40597,5.039928599313397,0.4299863367575317,1,1,0
2.3211887077663365,5,T21-03-53969,0.17988076925383342,1.5863086631467231,1,1,1
11.417113228376923,2,T22-03-91273,10.528395730372164,0.15377396320437203,0,1,0
22.777952008447098,1,T21-03-18526,14.274155525712166,0.4968757888579445,0,2,0
1.7364554612250271,8,T23-03-72012,1.8799065802431814,2.457269603775423,1,3,1
2.180048377437553,10,T21-03-50624,0.5798569309060055,1.4682849308997554,1,2,1
1.2683878139931057,6,T21-03-30285,1.5966628411864314,1.1680198998998697,0,2,1
23.71492008321157,1,T21-03-77078,12.9961376989159,0.12275320756523288,0,1,0
0.36034135804011264,7,T23-03-01160,1.2310833721917072,1.3166095670700244,1,4,1
0.7946424441637178,2,T21-03-70515,0.32877874053316536,1.2219705664302956,1,4,1
0.3254581657321143,7,T22-03-33359,1.9355908639884947,1.7393050125742289,1,3,1
23.820536206609077,1,T21-03-74489,18.342557116014135,0.3956086525267676,0,2,0
1.6527153516318673,7,T23-03-66770,1.152227328085487,1.4053448864122187,0,5,1
1.5360369116791102,4,T21-03-38031,0.5833999119012413,0.8950435099732419,0,5,1
16.8025287508516,1,T23-03-05947,12.322856694149776,0.21370464788275687,1,1,0
22.32573524619211,1,T23-03-67850,9.499094840254394,0.1362268757328002,1,2,0
18.416883344776434,1,T22-03-54796,16.30157304492636,0.20971480298735298,1,1,0
9.768995547177663,1,T21-03-42215,7.690368217969174,0.130055842826701,0,1,0
18.098190475143706,1,T22-03-23555,11.94887406101729,0.315174722027204,1,1,0
21.138678455003618,1,T23-03-29430,14.779296018423757,0.42398866066233604,0,1,0
14.271391982433375,2,T23-03-73643,19.80054272091301,0.24010548053226585,0,1,0
0.43633226969630595,9,T21-03-98538,1.2442529715769322,1.0413491782324817,0,3,1
1.8458920067769138,8,T22-03-14691,0.5289462474877534,1.0024212751668102,1,2,1
0.29522103597718824,4,T23-03-04761,1.7941656940959014,1.87907601876945,1,3,1
5.116243587041488,2,T21-03-20534,19.18831069769648,0.1971999706618391,0,1,0
17.59368600672691,2,T21-03-39322,10.074804949926316,0.4027497952846876,0,1,0
13.192844972645329,1,T21-03-69506,14.046020866120207,0.4279544397254043,0,1,0
18.105111328770285,1,T21-03-20108,17.44666092076733,0.2665733218176262,0,1,0
0.6072569193888008,6,T21-03-53555,0.5510883224891525,1.468484061747768,1,5,1
0.26625107123157554,3,T22-03-13833,0.6473954574258657,0.8307482151892891,1,4,1
23.769671455132084,1,T22-03-99064,16.383027272255347,0.40332238005260634,0,1,0
4.713176111874404,1,T21-03-68580,8.698854679811973,0.27396933323649925,0,1,0
1.7267205513946853,4,T22-03-03937,1.1739029781659756,0.8812138693486374,0,2,1
10.470760020222194,1,T22-03-18325,18.541401391295537,0.30325676870448376,1,1,0
25.023749428332774,1,T22-03-73048,17.514576420990135,0.3180111923853732,0,2,0
2.6946791200901443,6,T22-03-78232,0.30777983397836495,2.0116968471754637,0,5,1
0.47631962178244414,5,T22-03-40644,0.8141949979152012,1.9379820097908134,1,3,1
1.2119688126019328,5,T23-03-79287,1.047719465646787,1.9849114509105252,0,4,1
0.4736195033518338,8,T22-03-11322,1.2737556392603337,1.8711577543859566,0,3,1
0.9850280177010291,2,T23-03-77430,1.3152068917155566,0.8494511989584719,0,4,1
6.177429326855197,1,T21-03-79993,12.100560896839802,0.251607551223421,1,1,0
23.037596061456707,1,T21-03-83108,10.587568299468707,0.37958197204180516,0,1,0
1.9860518963244433,6,T23-03-56697,1.8209074014924653,1.0377032415780287,1,3,1
8.938760701693868,2,T21-03-49272,11.1463700801928,0.3679333069735093,0,2,0
0.2035582909014147,4,T23-03-44324,1.5788862587592993,1.86814592645647,1,2,1
0.18786598399794682,4,T23-03-48697,0.14366700969226184,1.427795546568068,0,5,1
0.6077230982033105,3,T21-03-68232,0.15517106012965978,1.669366953322003,1,3,1
1.9295615687904188,6,T21-03-83707,0.15515168250651876,1.8352916519578524,1,1,1
2.2328849675135243,8,T23-03-42770,1.0618420784702132,0.8962121333651512,0,2,1
0.4506633226065029,6,T21-03-14179,1.1831200552037104,1.6768117523687462,1,2,1
8.625067871633766,2,T22-03-60010,11.321001771976649,0.44355706699080033,0,1,0
1.4551685329983215,5,T23-03-35050,0.45437329502158236,1.649292309051186,0,4,1
1.5848790300624238,3,T23-03-35613,0.9092799682265373,0.8307964693125169,0,4,1
30.90037663185279,1,T21-03-62744,5.059567609011474,0.4187217077911157,0,1,0
24.403351206452122,1,T21-03-54708,12.619522720015482,0.2792233727369022,0,1,0
9.849954853176259,1,T23-03-81147,6.936701367698775,0.30548325198467047,0,2,0
0.16363952454441708,7,T21-03-35999,1.3654244740084773,0.7985901334643791,1,4,1
0.8722158201028346,5,T21-03-03688,1.2765435860543297,1.5184084469780421,1,3,1
2.4877362382642585,4,T21-03-34248,1.00585262275292,2.0482844092138475,1,4,1
5.395972360366208,2,T23-03-25568,6.818805541872714,0.43394041370717523,0,1,0
2.2941085184574406,5,T21-03-81943,0.3563621855541298,1.5260160325443437,0,2,1
29.923551974245253,1,T23-03-83038,15.755805687509989,0.4363850067091218,0,1,0
17.584391797595572,1,T22-03-49220,17.363967719537094,0.2916620403319775,1,1,0
2.8739409615272464,8,T21-03-98206,0.12979879231660083,1.5937813711401652,1,2,1
1.8038611326123963,6,T22-03-03869,1.078075437688021,1.7915010782210885,1,4,1
1.8189721902794693,5,T21-03-65587,0.9577621723468012,1.4396398337271281,1,2,1
0.32965901528861286,4,T23-03-38893,0.7055511676233058,1.6493932540988867,0,4,1
0.7600455835811362,5,T21-03-67396,0.11108419588557229,1.495425655353104,1,3,1
0.37034389116673416,3,T21-03-00319,0.3964306453052029,1.2105433918088297,1,2,1
0.7110643855333751,2,T23-03-73973,1.2890713631765993,2.277980481887278,1,5,1
10.567541438938768,1,T21-03-40159,11.493786651945285,0.19338121097612776,1,1,0
7.618661113945057,1,T21-03-92019,11.631206575456613,0.5759717964350181,0,1,0
2.6008698757061866,3,T23-03-90321,1.1051299664223155,1.7207808341918718,0,3,1
1.0622578538370648,7,T22-03-87345,0.7454677311932026,1.5292659791125265,1,2,1
1.3509114365291282,4,T23-03-84422,1.1378096638673192,1.2235621035055386,1,2,1
21.615426377138455,1,T22-03-43371,16.441139706157614,0.3516015190216768,0,1,0
24.424680109356323,1,T23-03-70507,12.770556256134512,0.3972516916429009,0,1,0
18.02412320965301,2,T22-03-92202,8.881997282741104,0.18637181707182887,0,1,0
2.822514620175189,6,T22-03-10523,0.8667258261305476,1.6088588563501622,1,3,1
1.5660704356167086,7,T21-03-89300,0.8306690314723929,1.8084419134343115,0,3,1
1.787379940508468,8,T22-03-48692,1.2847784498485137,1.7069561291203592,1,4,1
21.408198071312523,1,T23-03-83456,8.915129318732319,0.2957544753613752,1,1,0
5.666237105728009,1,T21-03-21071,15.39737442630972,0.3331177916067951,0,1,0
12.035714604746858,2,T21-03-27452,5.033338096374715,0.4026087089120205,0,2,0
9.20384843812896,2,T21-03-01919,14.693304129948952,0.2752065630281444,0,1,0
22.356954985745514,1,T22-03-21446,11.914242697218917,0.11570833615602924,0,1,0
29.270939980141122,1,T23-03-66673,6.138389626392925,0.4148190739560707,1,1,0
7.058418744535618,2,T22-03-25816,8.491748356631213,0.18200069766251845,1,1,0
2.241309299974758,6,T22-03-95791,1.203578583963885,2.180273106611625,0,5,1
1.137113307658822,4,T22-03-01669,0.8162660306855176,0.9626847366752229,0,4,1
20.93122382851064,1,T21-03-90594,15.748421451478132,0.39784116096429395,1,2,0
0.7739519411972161,4,T22-03-38057,1.7436208369298298,1.1914007997281142,1,2,1
2.2785781969902485,10,T22-03-35690,0.5601684166762235,1.02731228568993,1,2,1
1.088580184918197,10,T22-03-94218,0.7643702071505679,2.0493564564149422,1,2,1
2.279113812873006,8,T23-03-27467,0.9985611701623617,0.9588553929376386,0,5,1
1.1837965164632194,5,T23-03-38501,0.23248062315360252,1.2166407566593305,0,3,1
14.58618596420848,1,T23-03-56387,11.026516921606285,0.48226398394624553,0,1,0
2.180718013806417,3,T22-03-83024,0.34203510284020816,1.5446016406806753,1,2,1
1.0440691081125775,4,T22-03-53281,0.15949079748347164,1.3014371415852657,1,2,1
0.6233202628247475,7,T23-03-18907,0.6200478075595236,1.2684154076799203,0,2,1
2.5836873049874947,8,T23-03-10529,1.713445323686217,1.5802191379767818,1,2,1
6.736809970402766,1,T21-03-48791,13.28646943994386,0.44195777856522456,0,2,0
8.020224424814856,1,T23-03-14434,9.46515068209579,0.16778253068328683,1,1,0
0.9938072048913468,7,T23-03-87687,1.044989323069123,1.860822009507157,1,2,1
2.404459017288227,7,T21-03-76816,0.6435725284827378,1.7017351428363947,0,3,1
1.428470611800723,8,T21-03-13463,0.774627933154698,1.353913895929633,1,2,1
2.093810034332257,6,T21-03-53806,1.1950303015046597,0.9566756825519256,1,2,1
22.385645819062663,1,T23-03-01924,8.036703629551447,0.17152947818380196,0,1,0
25.308287436749275,1,T21-03-95812,18.735061373853576,0.1198361670267079,1,2,0
23.63148373190108,1,T23-03-21446,20.170304500000977,0.1347614889560027,0,1,0
0.7835555415831268,5,T23-03-92447,1.9882499567635679,1.7147186872359104,0,3,1
5.185613431809283,2,T23-03-01832,16.88344706382667,0.25816446743732524,0,1,0
2.007379590726112,6,T22-03-47445,0.5569891803508356,1.2815309273237658,0,1,1
8.249547729605709,1,T23-03-72793,9.379146054282712,0.18071580265257073,0,1,0
18.68839435350162,1,T22-03-62513,8.081250133747655,0.12910704940453524,1,1,0
1.490985627111908,7,T21-03-64973,0.6292979537281836,1.5741016595303319,0,3,1
5.9688299780679825,1,T23-03-33071,13.16537311999742,0.43783564909530553,0,1,0
17.616511941891535,1,T23-03-55808,12.697102413222588,0.42550412801737775,1,1,0
2.2125656113942562,10,T23-03-91253,0.404208547590267,2.168066259230289,1,4,1
19.176535782493236,1,T22-03-97349,19.78276619879359,0.3132788298306799,0,1,0
2.1222342505897536,8,T21-03-10681,1.8169732220980588,1.710629996202604,1,4,1
0.2855116272618312,5,T23-03-04263,0.24666455838061202,1.1143261655296346,1,3,1
19.958708872913615,1,T22-03-46022,7.826771502473738,0.34838055125082923,0,1,0
5.107220766978864,2,T23-03-67664,7.314622055372524,0.3337508582458093,0,1,0
24.093113603273434,1,T22-03-00015,19.43566650163614,0.31376764869123924,0,1,0
0.6728779874067816,7,T21-03-02389,0.33092001524750686,1.2659499048864848,1,3,1
12.421039880812287,2,T22-03-47857,19.926714255667953,0.20668363024176134,0,1,0
1.7050860415316438,4,T21-03-70179,0.6030533802942829,1.9769099042454943,1,1,1
1.7877787622532488,9,T23-03-46309,2.174918618788127,1.1420396550856373,0,4,1
15.614331630248602,2,T23-03-42749,6.042813011706345,0.2806034529688327,0,1,0
18.66679880426654,2,T23-03-89521,13.610518885026437,0.27299888179031206,0,1,0
2.3349321955076627,7,T21-03-50603,0.21628407607959493,1.2923377780586907,1,4,1
2.2447656897568224,7,T21-03-86602,0.21817837391859857,0.8556180003839481,0,4,1
1.9634347647921628,7,T23-03-56241,1.361604068894848,1.1537037048513243,1,2,1
20.232943590344128,1,T22-03-22106,19.67921864443695,0.26821133124942614,0,1,0
26.033933648410034,2,T21-03-49322,5.845000480187286,0.3158133906418539,0,1,0
16.378321585822434,2,T21-03-27350,4.9414678350570895,0.16846627378337597,1,2,0
2.2488145173200094,6,T22-03-72358,2.0021976401061616,0.7730436255538038,1,1,1
13.900813216656376,1,T21-03-55268,11.16528225701315,0.17927303469571906,1,1,0
5.187463754263717,2,T21-03-30121,6.324745574519009,0.3731471894373373,0,1,0
10.044175490331215,2,T21-03-16292,9.784871613101371,0.394636764580116,0,1,0
20.535818041701965,1,T23-03-32210,14.521181221179233,0.2577617241251035,0,2,0
9.646321792476868,1,T21-03-37890,7.906703980474335,0.11598274898383455,0,1,0
10.286296892694933,1,T23-03-58215,17.183177657162176,0.4043936874715534,0,1,0
5.4662863496341725,1,T22-03-05004,7.746929315002001,0.18201330545897798,0,1,0
14.848312061930182,1,T22-03-33541,15.142127856418883,0.3559333235306905,0,2,0
18.336595488902876,1,T23-03-28231,12.94216825121185,0.23184239963126282,0,2,0
7.710554717778484,1,T23-03-37321,14.333539805927161,0.5209602910147385,1,1,0
19.090793923530185,1,T21-03-21395,8.570378374869454,0.1667454364780528,0,1,0
0.19399301466200145,2,T21-03-15779,0.13026769164609514,1.1802618447793332,1,3,1
8.997918077740044,1,T21-03-08254,7.6173771395348115,0.1294076496269606,0,1,0
0.16532965796481947,3,T22-03-78038,0.8815824162319114,1.2471261779473168,1,3,1
11.697958931394188,1,T21-03-44783,6.0396413632182435,0.4824973705262386,0,2,0
1.1262625449189847,5,T21-03-89460,0.10569216563922143,0.8472189631224726,1,3,1
16.263663093386924,1,T23-03-52076,12.086530154972396,0.46979202419442834,1,2,0
18.45189333216141,1,T21-03-29605,13.725804402605622,0.21460134929160996,0,2,0
12.910319685837626,1,T23-03-90703,6.993606727422477,0.22822046775154006,0,2,0
14.725651645893345,2,T21-03-91310,22.145508181775018,0.25423867036895514,1,1,0
30.33489262334243,1,T23-03-55965,22.21836827651682,0.2830223146176999,1,1,0
2.5046943781735402,2,T23-03-24111,1.7719412250219013,2.025000931085742,1,4,1
5.350819360476624,1,T21-03-16267,5.572651082411649,0.09777958134373559,0,1,0
2.8065731506171523,3,T23-03-67449,0.5023944947822485,1.3253355751405116,1,3,1
2.1312188187353858,7,T22-03-34890,0.19471320409255877,1.3704176890495472,0,4,1
0.8021367350447991,9,T21-03-37010,0.6647859771929173,0.9165520241448605,1,1,1
1.3878334548811497,7,T22-03-74647,0.5027189520121134,1.3051913721914332,1,1,1
2.9478686447939673,4,T21-03-72725,0.15724243089381268,1.4334620694804925,0,4,1
28.63778969231011,1,T23-03-87802,14.278744743730499,0.17548887239635225,0,1,0
8.767349922741202,2,T21-03-04176,13.845322288746615,0.30757572940630556,0,1,0
1.5382419031753147,2,T21-03-62077,1.2674307813527776,1.8600814796818341,0,3,1
2.2647231952451286,7,T23-03-77228,0.7338852094433473,0.9605255559220833,1,3,1
1.132155226979445,8,T23-03-61710,1.4332001217098833,1.0178496260734302,1,1,1
1.7847260195558456,7,T21-03-82641,0.7250323340444516,0.9556757344774958,1,3,1
1.5608316808131542,7,T23-03-21725,0.5987123516760855,1.6957946160273667,1,4,1
20.548612492450257,2,T23-03-94929,7.124354938771462,0.2803167041123459,0,2,0
22.461651458101784,1,T23-03-63172,16.83871289810412,0.412152103156908,1,1,0
1.6299773200587393,8,T21-03-75976,1.5046214217301455,1.2905490685617744,1,3,1
21.261647307560448,1,T22-03-56063,11.776857880167164,0.49568707645075616,0,1,0
6.957554071219754,2,T23-03-55235,6.878902641902599,0.15324961032243,0,1,0
0.8514283029981329,3,T21-03-82516,1.1847710829624234,1.1408229666224692,1,2,1
3.176831699393332,8,T21-03-28069,1.6688424266147461,1.5619175534996037,1,1,1
1.6486208912170124,3,T21-03-91820,1.6977834122980553,1.9349183777440853,0,5,1
5.395961262036784,1,T21-03-03729,15.002979358174512,0.19257325147797238,0,1,0
1.0394279520593233,8,T21-03-17279,1.7920505934057323,2.1286165488937607,1,4,1
0.2608699252453271,5,T23-03-58046,1.1314956390753956,1.2730396616815864,0,1,1
1.715161228939805,4,T21-03-85504,0.8771317551065807,1.9736770249915783,1,1,1
0.6014680894255652,7,T23-03-82979,1.6711039692176861,1.6975780772165925,1,4,1
14.19289259559681,2,T21-03-24276,11.717027433863226,0.31377778870324585,0,1,0
0.9353412656900213,5,T22-03-22873,1.741728569940227,1.5346508045462168,1,4,1
33.99680839740827,1,T21-03-09821,10.245351663844941,0.26874694664174203,1,1,0
2.6984700736136396,7,T21-03-83045,1.4753710362215222,1.745538856932525,1,3,1
1.0047124199385462,2,T22-03-11663,1.311549995776259,1.0252863844453055,0,4,1
27.307558551998945,1,T22-03-46612,19.584560041178975,0.47632468603776335,1,1,0
18.196345478014962,1,T23-03-94376,13.298208699320845,0.1620290309227848,0,1,0
2.879192589810348,2,T21-03-69806,0.6246380883417992,2.030505786628206,1,3,1
0.5929038865775119,7,T23-03-54499,1.908056587464972,1.2896775227390462,1,2,1
1.5284963485742231,8,T21-03-67471,1.9764982682326067,0.9449399168370386,1,4,1
11.808695417862069,1,T22-03-15945,11.846050292858658,0.1356667114647347,0,1,0
2.303929867268145,4,T22-03-38397,0.46376117865850447,1.179972723028991,1,2,1
21.04526824483365,2,T21-03-34474,3.7386454155798163,0.5264822893275669,0,2,0
0.7287976842382525,8,T23-03-01082,1.5578222882048174,1.1123365109133545,1,5,1
17.479614005190978,1,T21-03-78000,11.114086904332627,0.23755526176633548,0,1,0
0.3375106865568421,6,T22-03-42082,2.0825761839162755,0.7971419084762423,1,4,1
0.2895504909780862,3,T21-03-05285,1.4768548283176282,1.6465485898551122,1,3,1
17.929823515487286,2,T23-03-75174,18.982785230703428,0.224052502495184,1,2,0
1.8618379375009688,8,T21-03-53013,0.9722862979204208,1.0571982005383758,0,5,1
3.042793729162215,9,T21-03-30580,0.9730546384381091,1.540218474105906,1,3,1
10.422427981065912,1,T22-03-12857,19.89849094075313,0.24730248704837673,0,2,0
2.6868625306237597,2,T23-03-34404,1.8650355875640154,1.8818318158859264,1,1,1
19.104489066228734,1,T23-03-34297,7.971899331204944,0.3240454399720251,0,2,0
17.453244932669072,1,T23-03-03392,15.738662770399461,0.18501272471898467,0,1,0
1.656928797423952,9,T22-03-21230,2.0621755855586663,1.4408672138792569,1,3,1
6.817176758318836,1,T23-03-01711,6.472438092934688,0.4900742645065066,0,1,0
14.584618328881577,1,T22-03-21784,16.71864221975748,0.2600469352813427,0,1,0
0.4327611238413183,8,T23-03-87778,0.6579675269805189,1.5125174093259515,0,2,1
1.3674491835795406,5,T22-03-97289,1.5795000132769124,1.6296612220631066,1,3,1
14.008268834592144,1,T23-03-79858,17.069503957976814,0.15874321227652877,0,1,0
20.923895876312663,1,T22-03-86479,7.690329862294728,0.3216524767331291,0,2,0
22.34374111686834,1,T21-03-26437,10.931650277955592,0.3840438392027334,0,1,0
14.058420893112837,2,T21-03-73346,4.297441944109283,0.16778491679737836,0,1,0
6.126338234060219,1,T22-03-41277,5.8761020505506245,0.228086891270983,1,2,0
2.1538065593496243,4,T22-03-49986,0.7029558583617123,1.1783518215641904,0,3,1
1.130703136180073,5,T22-03-02696,0.7282998125242748,0.8853944833645432,0,3,1
2.573243895500028,7,T22-03-15624,1.7121276476994203,0.863751505042508,1,3,1
7.629846147306236,1,T21-03-49855,6.086608242823078,0.3947944509483937,0,2,0
19.297622539606586,2,T22-03-82418,9.570229787372147,0.14103810601846528,0,1,0
1.5744810575013681,3,T23-03-98475,1.7358796213126724,1.1458469575925465,1,2,1
2.21755742707499,8,T22-03-67346,1.2901844644868936,1.7831063668220277,1,2,1
19.770382632590856,2,T21-03-38398,5.682095807731279,0.22126738465860105,0,1,0
0.8008908420202412,5,T23-03-09321,1.7628927209086596,1.1693514784058148,1,3,1
14.49573120359257,1,T21-03-34312,18.004688992958677,0.4998853732028191,0,1,0
21.95359748226918,2,T22-03-98833,8.307055781414087,0.3764795006596272,0,1,0
2.840617999532216,7,T22-03-64509,0.9700415031464088,1.7994642807965717,1,4,1
2.3728936806789727,9,T21-03-38623,0.6028580485186436,1.2556974560736311,1,4,1
25.692897862679313,1,T21-03-31566,15.036503855497836,0.4667911211032847,0,1,0
10.531501311561701,1,T23-03-43154,9.839166215480168,0.3933970085317091,0,1,0
16.643308157147835,2,T23-03-66600,10.625541489982446,0.17112318280781774,0,1,0
14.508121848546981,1,T21-03-48022,14.461115646542966,0.12572315914505172,1,1,0
26.738862875673362,2,T22-03-77017,7.464620523304878,0.18785808363130532,0,1,0
24.672671930209034,1,T23-03-27617,19.437346247792107,0.439440670818885,0,1,0
19.993905107430635,1,T23-03-47310,8.427954530389997,0.34863614155291717,0,2,0
32.8371972177962,2,T21-03-11748,9.95626883086083,0.38667440902540645,0,2,0
1.1782337647780974,6,T22-03-63165,0.7079052965195631,1.83891892659507,1,2,1
8.59681803723109,1,T23-03-60895,18.917929494642102,0.3821070970298564,1,2,0
12.214252996335572,1,T21-03-27299,4.17803049860467,0.31399337896913704,0,2,0
1.790858806436524,9,T22-03-23021,0.6561731701107111,1.2799589625360002,0,3,1
1.0470703700165942,6,T21-03-79865,1.3713005885712433,0.9653566388763203,0,4,1
3.193211059391951,6,T21-03-53533,1.7889435765506214,1.7098693409505539,0,3,1
7.081999377372852,1,T23-03-65296,21.676225739793452,0.2921516536122517,0,1,0
20.8880099167021,2,T21-03-39618,20.344512597926336,0.25078050898327425,0,1,0
17.743764226306002,1,T23-03-67261,16.871731254868873,0.5084677661271395,1,1,0
1.8683516775816291,4,T22-03-43634,0.9411068044126514,1.844139562967775,1,4,1
1.4706957117699508,5,T23-03-53494,1.1462760834374048,1.829725493638741,1,3,1
0.2498241643672886,5,T22-03-80294,1.3213533488995857,1.3431828005413045,1,4,1
6.502204524554366,2,T22-03-87171,5.784467886403874,0.09947051496105441,0,2,0
2.4247790402733487,6,T23-03-48231,1.005670123017737,1.1580504937674954,1,3,1
7.951751771067693,2,T21-03-94897,17.894191859346325,0.26060263954193363,0,2,0
25.601646131410458,1,T22-03-41992,7.335969114492425,0.5582530575227883,0,1,0
26.661481565641513,1,T22-03-00386,14.696160588455118,0.19956259573647495,0,2,0
9.82935477297634,1,T21-03-15115,8.997199132357823,0.2547983423741049,0,2,0
1.020605166913616,7,T23-03-90510,1.252814289639347,1.0739956868648073,1,2,1
0.45834181976400945,9,T22-03-06589,0.2583771911609534,1.1806516085931924,1,3,1
23.696263187459078,1,T22-03-21159,10.310948840403197,0.280515214577561,0,1,0
2.682901549834552,4,T22-03-15791,0.316268421926051,1.2631743252047765,0,2,1
0.3477676787182004,5,T21-03-23795,0.5318613416641079,1.161627959763171,1,2,1
20.17253450047829,2,T21-03-73844,20.19909734591186,0.2795449119591188,1,2,0
0.5498530481922127,5,T23-03-73844,1.3797422757050077,1.0248495555001287,1,4,1
0.26336826746118336,3,T22-03-40168,0.32946292626305335,1.0760002294174202,1,1,1
1.0371441408298294,8,T23-03-07169,1.3944406646098824,1.772228794072585,1,5,1
11.620943667347802,1,T22-03-34169,11.342348067074738,0.3514635966463271,1,2,0
21.875624283761997,1,T23-03-09496,12.149627722452163,0.2390239893084288,0,1,0
2.745255569001851,6,T23-03-81288,1.168267451293091,1.145813291264576,1,1,1
7.168130448630507,1,T22-03-82910,4.848722762529696,0.45978690928258076,0,1,0
1.8953831591239065,10,T23-03-92838,0.5476848195368856,1.2871680622927655,1,4,1
20.576632310132354,2,T22-03-90141,5.7442661279661404,0.2039882053831593,1,1,0
0.7794855344837733,6,T21-03-14178,1.3414747891671595,1.2830359737869292,0,3,1
2.5257748777093436,4,T22-03-82055,1.7612083286016622,0.8410963957581118,1,1,1
8.294089198673655,1,T23-03-87789,12.729550746114928,0.40426663661300766,0,1,0
2.1835376120815995,6,T21-03-86843,0.17527125423152193,1.1998994399864034,0,1,1
16.811358368593055,2,T22-03-41205,9.776709346178826,0.140760773423105,1,1,0
11.980621825718822,1,T22-03-98104,18.713934175906072,0.20550261461933472,0,1,0
1.8599980456355516,7,T23-03-91797,1.3118874859462986,1.8730725280890261,1,3,1
19.90056390363184,1,T21-03-08758,10.127942639160905,0.13936979817335435,1,1,0
2.7019914073202185,5,T23-03-43188,1.516612182993973,1.7686489698472816,0,5,1
2.9856662462558163,3,T21-03-10176,0.7566633182410116,0.7602829996816222,1,5,1
4.866689886956211,1,T23-03-80145,13.614773488090181,0.4254464423584886,1,1,0
2.8936072465774316,5,T21-03-85220,1.1725176965755564,1.0385269820275913,1,2,1
9.749035806981873,1,T22-03-52092,8.03485631987977,0.34364719261443094,1,2,0
20.860270781374183,1,T21-03-52335,15.308525912377688,0.4171961576651855,0,2,0
2.4210899817454528,7,T22-03-02665,0.2573553477239277,1.8084469861229275,1,3,1
21.76120221742081,1,T23-03-70739,22.201493230948675,0.24522718278808409,1,2,0
25.34269217975674,1,T21-03-98560,11.147504467019482,0.4458189523331124,0,2,0
21.767885441256002,1,T21-03-03936,5.652791090111515,0.4002040187247785,0,1,0
8.351619366511338,1,T21-03-09815,19.553152025119115,0.1827724629838345,0,2,0
30.16057138638312,1,T21-03-98679,16.106399249653087,0.43969654701695476,0,1,0
0.11831171642695468,9,T22-03-45452,0.7831434932607894,0.9757241117437659,1,2,1
11.206087200714213,1,T22-03-76757,16.557143715849016,0.4485166384768619,1,2,0
6.275584053033446,1,T21-03-79199,20.84889069236323,0.19634155656045593,0,1,0
25.128661919218963,1,T23-03-40382,19.65637316076008,0.22581404074630207,1,1,0
1.1995274696588272,6,T23-03-88517,1.9046666185144534,0.9480539105992017,0,5,1
0.3198929013350408,3,T23-03-86916,0.3305645463964194,1.8088427287230713,1,4,1
2.781197781830712,6,T23-03-44138,0.9882448112469211,1.35279982873291,1,2,1
1.0587924889120481,4,T23-03-54918,0.936571699097153,1.7324865238825191,0,6,1
2.541278451300065,3,T21-03-31533,0.5608230494273343,0.8370790714675229,1,2,1
0.27461453586419515,8,T22-03-64480,0.43110828036943843,2.3211687172696704,0,4,1
1.210672296699867,4,T21-03-41862,1.483610545814501,0.7937875220365336,0,1,1
2.1011509423380788,7,T22-03-79632,0.310253882199984,0.768144324203242,0,3,1
0.9270240211560596,9,T21-03-93749,1.6725502388216473,1.2174395884594935,1,6,1
17.35813149343366,1,T22-03-75874,13.63274355013319,0.2986578051431708,0,2,0
26.12790788868933,1,T22-03-41353,10.763143806376906,0.4223372524336505,0,1,0
2.6900501119086258,4,T22-03-48070,0.9170870859368385,1.2871671045662274,1,4,1
23.184093074331827,1,T23-03-97847,16.35151958416718,0.37923732259586596,0,1,0
2.039226958161303,9,T23-03-43794,1.065328950963372,1.3209036906372367,1,3,1
2.3725297956343123,9,T21-03-91803,1.8811921483047291,1.846646747016604,1,4,1
1.8872749675162348,7,T22-03-62126,0.2059307852591544,0.6985778829347166,0,2,1
3.02625229100565,6,T21-03-58920,0.7929879628436871,0.9407109357274207,0,5,1
3.3109820704505513,10,T22-03-06109,1.5938011866721815,1.8313179987722967,1,2,1
1.8296042767107314,4,T23-03-70977,0.2515298303193247,2.0089526629300942,1,4,1
2.155662972875171,8,T23-03-22787,0.26161876270073203,0.8107443165085696,1,3,1
11.669128576534106,1,T21-03-42135,14.1841088969072,0.46900786322920124,0,1,0
18.155868342241604,1,T21-03-32322,18.982241430953238,0.3193071851164118,1,2,0
9.585621446244735,1,T21-03-05462,21.18732862213653,0.22701576343520272,0,1,0
2.582044952684205,4,T21-03-99272,0.4381005747464529,1.1789365407714159,1,5,1
15.10176107132057,1,T23-03-80488,13.862309959007522,0.17066584632578988,0,1,0
13.194441188956258,2,T22-03-18409,12.14705556770316,0.1923800484454958,0,2,0
1.16642597811925,10,T22-03-15784,1.2656475043886966,0.7561203914183612,0,5,1
7.780560884374449,1,T23-03-95051,18.312954924610025,0.38155450899654186,0,1,0
20.152348926631092,2,T21-03-11273,14.064353036644558,0.35332771629413806,0,1,0
0.7184676733643773,2,T22-03-96643,0.1,1.3868441722076204,1,4,1
1.276595547391039,3,T22-03-86623,1.184554149421385,1.1257251028554747,0,3,1
0.8379224010573001,3,T23-03-13149,1.279460792806026,1.3970269462514735,1,4,1
1.4806601396193766,4,T23-03-48503,0.5682468310805758,1.7883039088297623,1,5,1
0.8556497274185055,5,T23-03-84971,0.3854714707287758,1.5441680777344267,1,3,1
12.830259047348022,1,T23-03-07837,16.167355384331593,0.29398106469062607,0,2,0
4.987187226771645,1,T21-03-36523,7.511286268313314,0.2382943048484869,1,1,0
6.9105891681825025,1,T23-03-36524,17.010027265728663,0.3795140376539365,0,2,0
30.894969761211538,2,T21-03-29810,11.480399903084773,0.3234231771439813,0,1,0
2.616781914625362,10,T23-03-88731,0.21392918708019446,1.2024986326989087,0,1,1
22.399126709688904,1,T23-03-16025,9.419342379434308,0.4642277939918523,1,1,0
5.708610372672192,1,T21-03-72126,6.320123457815965,0.23032025906220685,0,2,0
2.5052766134379048,6,T21-03-77712,0.37887572995081,0.9435878236322643,0,3,1
2.0780216299923855,3,T23-03-09623,1.1910350133634584,1.8032687340811888,0,4,1
2.5601692277369175,7,T21-03-41043,0.494532646158518,2.012745318506364,0,2,1
9.726581972692628,1,T21-03-83220,15.950136089167241,0.3074991202645929,0,1,0
18.736496910574775,1,T22-03-67975,9.462589441240315,0.48592594514149606,0,2,0
0.8960414801120126,9,T22-03-99969,1.7972195032533138,0.8533352210147008,0,4,1
21.083935283551785,1,T22-03-46350,20.484072410508638,0.32276870285893433,0,1,0
20.633742876853756,1,T21-03-47177,6.279884615591105,0.501757454470503,0,1,0
5.546701781510381,1,T21-03-87592,13.496494258970948,0.446457587468425,1,1,0
3.22624832593058,5,T23-03-79841,0.5822119598036156,1.1849548577848372,1,3,1
8.457816486581518,2,T21-03-79182,16.308709003086516,0.3650630911865219,0,1,0
18.362954616640423,1,T23-03-04260,9.074797300434309,0.56365850196076,0,1,0
24.90876470571412,1,T22-03-45489,6.875628154209258,0.18023906676956333,1,1,0
14.767771442091464,1,T22-03-15162,19.480008936408716,0.18665430237429917,0,1,0
2.7509505983035263,9,T21-03-21164,1.6376914334586719,0.9941292518174145,1,3,1
27.519079379068913,1,T21-03-67875,9.899628925442403,0.2914832734813288,0,1,0
17.45823816737909,1,T21-03-69074,11.841025009837809,0.1894775460348485,0,1,0
11.415632738722163,1,T23-03-49330,6.511406008234907,0.3221588884043003,0,1,0
9.787219546254848,2,T23-03-99805,19.126287078835766,0.43860704678076606,0,1,0
19.363946332788334,1,T23-03-45037,4.6424142095757235,0.43274290510675667,0,1,0
11.713768567936906,1,T21-03-68993,10.244079608426798,0.476139512675385,0,1,0
3.062019390554443,4,T22-03-84544,0.7838623994750837,1.0978795729360544,1,3,1
28.781646971747804,1,T22-03-88559,17.4546967125008,0.24132810251993592,0,1,0
16.2399729610163,2,T23-03-90155,6.753231113000995,0.20068319119230674,0,2,0
14.147307737872952,1,T22-03-50119,13.510185208351142,0.38537630737095546,0,1,0
0.9024003475191947,5,T22-03-15839,0.38244395377049334,0.8948596086093799,1,3,1
1.1027442946899162,7,T22-03-63964,1.355330759732981,0.9978994233961428,1,4,1
2.612114444460467,3,T22-03-52494,0.31605192740055355,1.0707062265096754,1,3,1
30.426485840272356,2,T21-03-55097,14.49904356931189,0.48160704091727075,0,2,0
2.655958729289731,9,T21-03-43560,0.7702392968067739,2.105032698794948,1,2,1
13.388852961444316,1,T23-03-96822,10.174761073636729,0.2542109125247931,0,1,0
9.237696897961028,2,T21-03-85823,14.486859716204663,0.1841390549291751,0,1,0
24.476660252167456,1,T23-03-09275,10.915827022188871,0.19319175939316474,0,2,0
27.930413290041436,2,T21-03-39316,17.630282381871236,0.13275442164930104,0,1,0
23.591844765436058,2,T23-03-39042,10.766220418183652,0.1834559994867721,0,1,0
14.67010235714374,1,T21-03-84930,8.481389409831952,0.4031816789203209,0,1,0
0.23255230870597793,4,T23-03-50998,1.6041213818307187,1.2694124049548974,1,5,1
1.1944396555516854,8,T22-03-03143,1.4974414132110743,1.5222743082913335,1,4,1
6.4834770660092085,1,T21-03-41559,10.782842373608867,0.16444938416603394,0,1,0
4.716870923464846,2,T22-03-03824,20.54620407958271,0.11896689477656361,0,2,0
6.700378606035466,1,T23-03-59204,13.928283206810121,0.4190874636302663,1,1,0
3.86009255073349,4,T22-03-91200,0.39161752583154197,1.9131131172443099,1,2,1
11.153995660363414,1,T23-03-85772,6.622927761308087,0.4215007024881349,0,2,0
15.16898572017395,1,T22-03-76681,11.064436173458052,0.3593401123309565,0,1,0
20.100911331534128,1,T21-03-03484,6.945205084752827,0.16806971805549506,0,1,0
1.0065767995056387,8,T22-03-31578,0.7049606069013359,1.094545296561987,0,4,1
2.713777706545194,8,T23-03-22300,0.4081009511550446,1.2109212955529958,0,5,1
16.010859488208762,1,T22-03-49948,14.851257351970867,0.19254715918025764,0,2,0
2.449694102903489,3,T21-03-83911,0.28853540737613004,1.546706259920889,0,2,1
8.397505651368284,1,T21-03-76970,11.155800409717722,0.15650198160392906,0,2,0
1.2337728161386499,3,T23-03-01112,0.2207521006488058,1.5481479923312371,1,3,1
2.799335951156385,6,T21-03-58348,1.9747891594271785,1.3825631112809293,0,2,1
0.6566839412649764,4,T22-03-33741,1.8457844959446423,0.8592638871683693,0,2,1
1.8355764879641543,9,T22-03-37443,0.1144593128015572,1.5775561003821035,1,3,1
0.34003994805674165,5,T22-03-43025,1.0705107857526124,1.078757426976705,1,5,1
8.956657735099222,1,T21-03-40075,14.951746697836752,0.21688253214592118,0,2,0
10.70851397077736,1,T21-03-00891,15.956291389817903,0.19133208668913287,0,1,0
0.6532956385300549,3,T21-03-78059,1.1525060466494321,1.0745039717082263,1,5,1
2.8555933177792667,8,T23-03-76497,0.11851987070017468,1.8053848583496248,1,2,1
0.27929459357157055,8,T23-03-16543,0.1379427266931704,0.9167727348360767,1,4,1
7.714401365888758,1,T21-03-39585,23.579995156944637,0.26599258501269224,1,1,0
27.274424016991546,1,T22-03-27973,7.054994018666215,0.1960623594220608,0,2,0
2.6631142805905683,5,T22-03-22097,0.6363666886216437,1.6716531939125119,0,5,1
29.57733254693673,1,T23-03-31275,15.693862766735725,0.3763460098479422,0,1,0
0.6518392674973834,3,T23-03-90153,0.8385576855416671,1.6403415161504846,1,3,1
8.012821908687743,1,T22-03-41410,16.3393397408472,0.18837706263968035,1,1,0
12.923210057427493,2,T21-03-72043,8.26059481646221,0.23128153976031965,1,2,0
18.52881916164674,1,T23-03-19195,6.324133914713333,0.1694300082785431,0,1,0
0.4799713902582265,6,T21-03-98597,1.0833749751147799,0.8792132077344758,0,3,1
2.850644016641344,6,T23-03-88890,1.6705395376857817,0.9539387028874289,1,5,1
9.512516968906048,2,T23-03-12552,16.668070498532444,0.321539068268175,0,2,0
9.259810118212586,2,T23-03-42730,17.284371436286673,0.4371385845955255,0,2,0
0.7703764924833317,6,T23-03-35098,1.2894744564387925,1.6448381651268162,1,3,1
3.319079735903702,3,T23-03-90502,1.9570296304872834,1.3741173119610477,1,1,1
22.39034261018228,1,T21-03-71279,11.429336580970173,0.24296405223653852,1,2,0
1.8239055697414086,3,T23-03-60046,0.8150740651619595,1.455873174526384,1,2,1
28.42329970561139,1,T22-03-25223,5.164687295124458,0.21009041450739002,0,2,0
0.3804330960547706,2,T22-03-54909,0.6873703286863612,1.7433549874991323,1,3,1
2.557420623899251,8,T23-03-98724,0.648366216928287,2.3477098271816335,1,5,1
27.87681567749644,1,T23-03-22769,18.33702840893313,0.16616583057973092,0,1,0
2.6888799479120626,5,T21-03-06668,1.5212447015830701,1.725408209826641,1,1,1
22.31048070868938,1,T22-03-74159,5.831390148405045,0.362610197442763,0,2,0
25.749285209002785,2,T22-03-45310,17.74539215722573,0.22809423243007532,0,1,0
0.386891588637334,8,T22-03-80562,0.7700227318431937,1.5633399537674741,1,1,1
2.82238498369232,3,T21-03-58070,0.8958577479295593,0.9420547019561079,0,4,1
2.572246255099595,7,T23-03-48850,0.34733410186320496,1.6921119082583442,1,2,1
13.988212327370025,2,T23-03-83652,6.923835228978625,0.26701432849821355,0,1,0
1.2636498725475165,7,T21-03-44789,0.5830710067158188,1.8021270232973934,0,4,1
5.202817823015477,2,T21-03-70053,16.861552294650455,0.4299790555093455,0,1,0
8.940041157743083,2,T22-03-50734,13.552437036683816,0.43983993725341647,0,2,0
2.83804837121392,8,T21-03-11240,0.7280966277845402,1.584467643547534,0,3,1
1.7950248881051685,4,T23-03-02369,0.6905850408912954,1.429274173133645,0,2,1
2.1932684161701803,8,T23-03-79134,1.2932505509637,0.7735691168427391,1,3,1
20.735161319316155,1,T21-03-23641,8.737953693808198,0.3709309850217414,0,1,0
5.347684997561016,1,T22-03-69998,5.392072975034949,0.2260996564046221,0,2,0
28.598475751154485,1,T23-03-60098,8.470436610159226,0.213380083809323,1,1,0
2.697032492416777,9,T21-03-91851,1.4492852910950986,1.490334144737371,1,3,1
0.5298529332495624,6,T22-03-51772,0.24536978209035698,0.9442517379162194,1,1,1
0.3278868144312739,5,T22-03-42362,0.26982179573683823,1.0880149873788927,1,2,1
1.4312642559832067,3,T22-03-47236,0.9532497174940628,2.00499086428128,1,2,1
0.8471564739920243,7,T21-03-57013,0.672481808829396,2.2100113553773806,0,3,1
0.7251776319892237,3,T21-03-93143,0.5686908395035779,1.7506535335144242,1,2,1
2.8909639112454024,2,T23-03-81163,1.6267678799343088,1.789806785500059,1,4,1
15.458562145399108,1,T21-03-40315,12.332592867280162,0.20783160997993352,0,1,0
14.734906683417497,1,T23-03-77223,13.299493613335898,0.2020344051698953,0,1,0
11.590724224706296,1,T22-03-23119,8.975208882069715,0.3871153034438905,0,1,0
7.949069756148491,1,T23-03-40888,18.091744322749918,0.4782221148258442,1,1,0
1.0851581227475742,2,T23-03-07312,0.6948942112820392,1.6332202810192264,0,1,1
0.786193386213221,4,T23-03-03078,0.6416630141623377,1.4730204835081118,1,2,1
1.8266244069898367,10,T22-03-32352,0.42103043797598294,1.4688437497416231,1,4,1
8.571256563283734,1,T23-03-14693,12.819296083225531,0.4073295236236475,0,1,0
1.078900916815574,8,T22-03-68008,1.4718565783654725,1.0213229254354346,1,3,1
8.143971163188665,2,T22-03-74491,4.560518315106492,0.44857943528122096,0,1,0
25.224175035405747,2,T23-03-29607,5.829139051064221,0.1426215505512767,0,1,0
14.158285242733635,1,T21-03-00415,7.096040151269961,0.22232704685749227,0,1,0
1.889773246505075,4,T23-03-44838,1.6082597191913535,1.55759078278587,1,2,1
9.543985503123864,1,T22-03-82488,11.098149667925977,0.43319203876164075,1,1,0
2.4432022247824863,7,T22-03-28639,1.5433393265586974,1.4529720094566039,0,1,1
10.495496980062498,1,T21-03-71531,13.263989952587355,0.37304694906798086,0,1,0
0.22734070607840187,5,T23-03-92087,1.344546292917949,1.135335004240009,1,4,1
2.6130813562769593,5,T21-03-23674,1.25197809728426,1.4878079464050806,1,4,1
1.1299966361582863,6,T21-03-65126,1.4617793310535803,1.647443452829441,1,2,1
19.42160133786663,1,T21-03-09136,4.245898425702661,0.4444830813807085,0,1,0
0.8813752914688555,7,T23-03-85571,0.22495299624936263,1.65196801963257,1,2,1
1.798588955654522,3,T21-03-36308,0.27349097771996916,1.6711826864358803,1,4,1
0.2114991598109151,6,T21-03-69483,0.43000777914449934,1.629564580597832,1,3,1
29.01041108373265,1,T21-03-49635,8.428656487639742,0.5178462340585797,1,1,0
8.333596087902258,1,T21-03-97267,4.0377615001211185,0.5205588543772052,0,1,0
20.575474122747238,1,T23-03-76942,13.392982280163594,0.09810435017701315,0,1,0
22.102022808063495,1,T22-03-58855,10.165102856464745,0.3994595920771721,0,2,0
2.88714977046223,4,T23-03-23440,0.38549864641037473,0.9277815451898592,1,4,1
2.9280780589034654,7,T22-03-80501,1.1228484912033054,0.9604129982948777,1,4,1
26.503583047284657,1,T22-03-48776,15.643843904476295,0.3748377727472873,0,1,0
0.9885085869779813,2,T22-03-12935,2.3420242460266523,1.6561349973138482,1,2,1
27.49745648998557,1,T22-03-98231,8.780388567383197,0.25949625987058356,0,2,0
8.18587736029685,1,T23-03-55775,12.0572949775526,0.1299574167573862,0,2,0
10.910536278387466,1,T23-03-41876,5.392195612922757,0.1743911188969149,0,1,0
24.292791442600745,1,T23-03-67951,17.333054399753184,0.21665665621635477,0,1,0
6.918725184240259,1,T23-03-63804,7.5431006487437395,0.2979043688771537,0,2,0
1.0997656866236354,5,T21-03-43558,1.3160655312676495,1.4443588090862043,1,3,1
1.162180055229329,8,T21-03-19215,1.9320585509095654,1.560922711818807,0,4,1
0.5512423615522704,5,T22-03-70377,1.342883447782325,1.1881231615667127,1,4,1
1.0184117008595062,4,T23-03-13049,1.7050264433834688,1.110995451755769,1,4,1
9.903573812516358,1,T21-03-58951,8.237459831062719,0.3154017787837683,1,1,0
5.902311411677858,1,T23-03-74181,11.175302186773997,0.3217822945833364,1,1,0
19.907790447438877,1,T21-03-85476,13.549574121361445,0.44283391956913676,1,1,0
2.461932990876314,3,T22-03-53096,0.5776830918609023,1.8492021637042257,1,2,1
1.610591709033015,3,T23-03-90051,1.5190682629925754,0.8247734243703246,1,2,1
19.223158939895995,1,T22-03-36973,12.714548353288853,0.3103817189198895,1,2,0