-- MySQL dump 10.13  Distrib 8.0.41, for Win64 (x86_64)
--
-- Host: localhost    Database: smartuchaguzi_db
-- ------------------------------------------------------
-- Server version	8.0.41

/*!40101 SET @OLD_CHARACTER_SET_CLIENT=@@CHARACTER_SET_CLIENT */;
/*!40101 SET @OLD_CHARACTER_SET_RESULTS=@@CHARACTER_SET_RESULTS */;
/*!40101 SET @OLD_COLLATION_CONNECTION=@@COLLATION_CONNECTION */;
/*!50503 SET NAMES utf8mb4 */;
/*!40103 SET @OLD_TIME_ZONE=@@TIME_ZONE */;
/*!40103 SET TIME_ZONE='+00:00' */;
/*!40014 SET @OLD_UNIQUE_CHECKS=@@UNIQUE_CHECKS, UNIQUE_CHECKS=0 */;
/*!40014 SET @OLD_FOREIGN_KEY_CHECKS=@@FOREIGN_KEY_CHECKS, FOREIGN_KEY_CHECKS=0 */;
/*!40101 SET @OLD_SQL_MODE=@@SQL_MODE, SQL_MODE='NO_AUTO_VALUE_ON_ZERO' */;
/*!40111 SET @OLD_SQL_NOTES=@@SQL_NOTES, SQL_NOTES=0 */;

--
-- Table structure for table `auditlogs`
--

DROP TABLE IF EXISTS `auditlogs`;
/*!40101 SET @saved_cs_client     = @@character_set_client */;
/*!50503 SET character_set_client = utf8mb4 */;
CREATE TABLE `auditlogs` (
  `id` int NOT NULL AUTO_INCREMENT,
  `user_id` int DEFAULT NULL,
  `action` varchar(255) NOT NULL,
  `ip_address` varchar(45) DEFAULT NULL,
  `details` text,
  `timestamp` timestamp NULL DEFAULT CURRENT_TIMESTAMP,
  PRIMARY KEY (`id`),
  KEY `idx_auditlogs_user_id` (`user_id`),
  CONSTRAINT `auditlogs_ibfk_1` FOREIGN KEY (`user_id`) REFERENCES `users` (`user_id`),
  CONSTRAINT `auditlogs_ibfk_2` FOREIGN KEY (`user_id`) REFERENCES `users` (`user_id`),
  CONSTRAINT `fk_audit_user` FOREIGN KEY (`user_id`) REFERENCES `users` (`user_id`)
) ENGINE=InnoDB AUTO_INCREMENT=357 DEFAULT CHARSET=utf8mb4 COLLATE=utf8mb4_0900_ai_ci;
/*!40101 SET character_set_client = @saved_cs_client */;

--
-- Dumping data for table `auditlogs`
--

LOCK TABLES `auditlogs` WRITE;
/*!40000 ALTER TABLE `auditlogs` DISABLE KEYS */;
INSERT INTO `auditlogs` VALUES (1,1,'User logged in: yustobitalio24@gmail.com',NULL,NULL,'2025-04-13 07:03:20'),(2,2,'User logged in: ashamkuto2@gmail.com',NULL,NULL,'2025-04-13 07:10:03'),(3,2,'User logged in: ashamkuto2@gmail.com',NULL,NULL,'2025-04-13 07:42:37'),(4,1,'User logged in: yustobitalio24@gmail.com',NULL,NULL,'2025-04-13 07:54:34'),(5,1,'User logged in: yustobitalio24@gmail.com',NULL,NULL,'2025-04-13 08:06:08'),(6,1,'User logged in: yustobitalio24@gmail.com',NULL,NULL,'2025-04-13 08:28:58'),(7,2,'User logged in: ashamkuto2@gmail.com',NULL,NULL,'2025-04-13 08:29:18'),(8,1,'User logged in: yustobitalio24@gmail.com','::1',NULL,'2025-04-18 19:26:17'),(9,1,'Admin Dashboard Access','::1','User accessed admin dashboard','2025-04-18 19:26:17'),(10,2,'User logged in: ashamkuto2@gmail.com','::1',NULL,'2025-04-18 19:27:31'),(11,1,'User logged in: yustobitalio24@gmail.com','::1',NULL,'2025-04-19 06:26:30'),(12,1,'Admin Dashboard Access','::1','User accessed admin dashboard','2025-04-19 06:26:30'),(13,2,'User logged in: ashamkuto2@gmail.com','::1',NULL,'2025-04-19 06:27:22'),(14,1,'User logged in: yustobitalio24@gmail.com','::1',NULL,'2025-04-19 06:37:27'),(15,1,'Admin Dashboard Access','::1','User accessed admin dashboard','2025-04-19 06:37:46'),(16,1,'User logged in: yustobitalio24@gmail.com','::1',NULL,'2025-04-21 07:19:38'),(17,1,'Admin Dashboard Access','::1','User accessed admin dashboard','2025-04-21 07:19:38'),(18,2,'User logged in: ashamkuto2@gmail.com','::1',NULL,'2025-04-21 07:21:06'),(19,1,'User logged in: yustobitalio24@gmail.com','::1',NULL,'2025-04-21 07:32:31'),(20,1,'Admin Dashboard Access','::1','User accessed admin dashboard','2025-04-21 07:32:31'),(21,1,'Admin Dashboard Access','::1','User accessed admin dashboard','2025-04-21 07:33:33'),(22,1,'Admin Dashboard Access','::1','User accessed admin dashboard','2025-04-21 07:45:20'),(23,1,'Admin Dashboard Access','::1','User accessed admin dashboard','2025-04-21 07:52:32'),(24,1,'Admin Dashboard Access','::1','User accessed admin dashboard','2025-04-21 07:54:27'),(25,1,'User logged in: yustobitalio24@gmail.com','::1',NULL,'2025-04-21 07:55:21'),(26,1,'Admin Dashboard Access','::1','User accessed admin dashboard','2025-04-21 07:55:21'),(27,1,'Admin Dashboard Access','::1','User accessed admin dashboard','2025-04-21 07:56:01'),(28,1,'User logged in: yustobitalio24@gmail.com','::1',NULL,'2025-04-21 08:13:00'),(29,1,'Admin Dashboard Access','::1','User accessed admin dashboard','2025-04-21 08:13:00'),(30,1,'User logged in: yustobitalio24@gmail.com','::1',NULL,'2025-04-21 08:14:39'),(31,1,'Admin Dashboard Access','::1','User accessed admin dashboard','2025-04-21 08:14:39'),(32,1,'Admin Dashboard Access','::1','User accessed admin dashboard','2025-04-21 08:18:32'),(33,1,'Admin Dashboard Access','127.0.0.1','User accessed admin dashboard','2025-04-21 08:22:47'),(34,1,'Admin Dashboard Access','127.0.0.1','User accessed admin dashboard','2025-04-21 08:22:56'),(35,1,'Admin Dashboard Access','::1','User accessed admin dashboard','2025-04-21 08:23:48'),(36,1,'User logged in: yustobitalio24@gmail.com','::1',NULL,'2025-04-23 05:08:34'),(37,1,'Admin Dashboard Access','::1','User accessed admin dashboard','2025-04-23 05:08:34'),(38,2,'User logged in: ashamkuto2@gmail.com','::1',NULL,'2025-04-23 05:09:03'),(39,2,'User logged in: ashamkuto2@gmail.com','::1',NULL,'2025-04-23 05:19:17'),(40,1,'User logged in: yustobitalio24@gmail.com','::1',NULL,'2025-04-23 06:13:46'),(41,1,'Admin Dashboard Access','::1','User accessed admin dashboard','2025-04-23 06:13:46'),(42,1,'Admin Dashboard Access','::1','User accessed admin dashboard','2025-04-23 06:14:05'),(43,1,'Admin Dashboard Access','::1','User accessed admin dashboard','2025-04-23 06:15:20'),(44,2,'User logged in: ashamkuto2@gmail.com','::1',NULL,'2025-04-23 06:15:45'),(45,1,'User logged in: yustobitalio24@gmail.com','::1',NULL,'2025-04-23 06:22:11'),(46,1,'Admin Dashboard Access','::1','User accessed admin dashboard','2025-04-23 06:22:11'),(47,1,'Admin Dashboard Access','::1','User accessed admin dashboard','2025-04-23 06:23:09'),(48,1,'Admin Dashboard Access','::1','User accessed admin dashboard','2025-04-23 06:23:50'),(49,2,'User logged in: ashamkuto2@gmail.com','::1',NULL,'2025-04-23 08:58:45'),(50,1,'User logged in: yustobitalio24@gmail.com','::1',NULL,'2025-04-23 09:09:38'),(51,1,'Admin Dashboard Access','::1','User accessed admin dashboard','2025-04-23 09:09:38'),(52,1,'Admin Dashboard Access','::1','User accessed admin dashboard','2025-04-23 09:11:23'),(53,1,'User logged in: yustobitalio24@gmail.com','::1',NULL,'2025-04-23 18:05:56'),(54,1,'Admin Dashboard Access','::1','User accessed admin dashboard','2025-04-23 18:05:56'),(55,1,'Admin Dashboard Access','::1','User accessed admin dashboard','2025-04-23 18:12:15'),(56,1,'Admin Dashboard Access','::1','User accessed admin dashboard','2025-04-23 18:12:36'),(57,2,'User logged in: ashamkuto2@gmail.com','::1',NULL,'2025-04-24 14:07:48'),(58,2,'User logged in: ashamkuto2@gmail.com','::1',NULL,'2025-04-24 14:50:24'),(59,1,'User logged in: yustobitalio24@gmail.com','::1',NULL,'2025-04-26 04:44:18'),(60,1,'Admin Dashboard Access','::1','User accessed admin dashboard','2025-04-26 04:44:18'),(61,1,'Admin Dashboard Access','::1','User accessed admin dashboard','2025-04-26 04:45:08'),(62,1,'User logged in: yustobitalio24@gmail.com','::1',NULL,'2025-04-26 04:45:31'),(63,1,'Admin Dashboard Access','::1','User accessed admin dashboard','2025-04-26 04:45:31'),(64,1,'Admin Dashboard Access','::1','User accessed admin dashboard','2025-04-26 04:45:59'),(65,1,'User logged in: admin01@smartuchaguzi.com','::1',NULL,'2025-04-26 11:15:51'),(66,1,'Admin Dashboard Access','::1','User accessed admin dashboard','2025-04-26 11:15:51'),(67,1,'Admin Dashboard Access','::1','User accessed admin dashboard','2025-04-26 11:18:48'),(68,5,'User logged in: juma.mohamed@outlook.com','::1',NULL,'2025-04-26 11:21:19'),(69,429,'User logged in: ashura.hussein10@outlook.com','::1',NULL,'2025-04-26 11:23:26'),(70,5,'User logged in: juma.mohamed@outlook.com','::1',NULL,'2025-04-26 11:24:59'),(71,430,'User logged in: saidi.bakari10@gmail.com','::1',NULL,'2025-04-26 11:32:22'),(72,1,'User logged in: admin01@smartuchaguzi.com','::1',NULL,'2025-04-26 12:27:31'),(73,1,'Admin Dashboard Access','::1','User accessed admin dashboard','2025-04-26 12:27:31'),(74,430,'User logged in: saidi.bakari10@gmail.com','::1',NULL,'2025-04-26 12:29:44'),(75,428,'User logged in: abdul.mwinyi10@gmail.com','::1',NULL,'2025-04-26 12:36:26'),(76,427,'User logged in: zainab.khamis10@outlook.com','::1',NULL,'2025-04-26 12:42:28'),(77,426,'User logged in: hamisi.rashid10@yahoo.com','::1',NULL,'2025-04-26 12:45:31'),(78,2,'User logged in: mgeni.abdallah@outlook.com','::1',NULL,'2025-04-26 12:46:32'),(79,390,'User logged in: bakari.juma9@gmail.com','::1',NULL,'2025-04-26 12:48:06'),(80,390,'User logged in: bakari.juma9@gmail.com','::1',NULL,'2025-04-26 12:48:42'),(81,387,'User logged in: zuhura.khamis9@outlook.com','::1',NULL,'2025-04-26 12:51:02'),(82,1,'User logged in: admin01@smartuchaguzi.com','::1',NULL,'2025-04-26 18:00:43'),(83,1,'Admin Dashboard Access','::1','User accessed admin dashboard','2025-04-26 18:00:43'),(84,1,'User logged in: admin01@smartuchaguzi.com','::1',NULL,'2025-04-26 18:17:04'),(85,1,'Admin Dashboard Access','::1','User accessed admin dashboard','2025-04-26 18:17:04'),(86,7,'User logged in: hamisi.rashid@yahoo.com','::1',NULL,'2025-04-26 18:18:29'),(87,7,'User logged in: hamisi.rashid@yahoo.com','::1',NULL,'2025-04-26 18:27:40'),(88,1,'User logged in: admin01@smartuchaguzi.com','::1',NULL,'2025-04-26 18:38:20'),(89,1,'Admin Dashboard Access','::1','User accessed admin dashboard','2025-04-26 18:38:20'),(90,1,'Admin Dashboard Access','::1','User accessed admin dashboard','2025-04-26 18:47:18'),(91,4,'User logged in: mariam.juma@gmail.com','::1',NULL,'2025-04-27 09:33:46'),(92,4,'User logged in: mariam.juma@gmail.com','::1',NULL,'2025-04-27 09:43:16'),(93,4,'User logged in: mariam.juma@gmail.com','::1',NULL,'2025-04-27 09:53:25'),(94,4,'User logged in: mariam.juma@gmail.com','::1',NULL,'2025-04-27 09:58:59'),(95,426,'User logged in: hamisi.rashid10@yahoo.com','::1',NULL,'2025-04-27 10:14:50'),(96,4,'User logged in: mariam.juma@gmail.com','::1',NULL,'2025-04-27 10:17:07'),(97,427,'User logged in: zainab.khamis10@outlook.com','::1',NULL,'2025-04-27 10:18:00'),(98,427,'User logged in: zainab.khamis10@outlook.com','::1',NULL,'2025-04-27 10:28:09'),(99,430,'User logged in: saidi.bakari10@gmail.com','::1',NULL,'2025-04-27 10:29:21'),(100,428,'User logged in: abdul.mwinyi10@gmail.com','::1',NULL,'2025-04-27 10:34:17'),(101,427,'User logged in: zainab.khamis10@outlook.com','::1',NULL,'2025-04-27 10:52:00'),(102,426,'User logged in: hamisi.rashid10@yahoo.com','::1',NULL,'2025-04-27 10:53:13'),(103,7,'User logged in: hamisi.rashid@yahoo.com','::1',NULL,'2025-04-27 11:06:12'),(104,426,'User logged in: hamisi.rashid10@yahoo.com','::1',NULL,'2025-04-27 11:07:11'),(105,2,'User logged in: mgeni.abdallah@outlook.com','::1',NULL,'2025-04-27 11:11:58'),(106,1,'User logged in: admin01@smartuchaguzi.com','::1',NULL,'2025-04-27 11:19:55'),(107,1,'Admin Dashboard Access','::1','User accessed admin dashboard','2025-04-27 11:19:55'),(108,1,'Admin Dashboard Access','::1','User accessed admin dashboard','2025-04-27 11:23:34'),(109,1,'Admin Dashboard Access','::1','User accessed admin dashboard','2025-04-27 11:24:20'),(110,1,'Admin Dashboard Access','::1','User accessed admin dashboard','2025-04-27 11:25:25'),(111,1,'Admin Dashboard Access','::1','User accessed admin dashboard','2025-04-27 11:26:32'),(112,1,'Admin Dashboard Access','::1','User accessed admin dashboard','2025-04-27 11:26:42'),(113,1,'Admin Dashboard Access','::1','User accessed admin dashboard','2025-04-27 11:26:58'),(114,6,'User logged in: fatuma.ali@gmail.com','::1',NULL,'2025-04-27 11:27:58'),(115,6,'User logged in: fatuma.ali@gmail.com','::1',NULL,'2025-04-27 11:33:59'),(116,1,'User logged in: admin01@smartuchaguzi.com','::1',NULL,'2025-04-27 11:54:31'),(117,1,'Admin Dashboard Access','::1','User accessed admin dashboard','2025-04-27 11:54:31'),(118,308,'User logged in: zuhura.khamis7@outlook.com','::1',NULL,'2025-04-28 17:43:12'),(119,428,'User logged in: abdul.mwinyi10@gmail.com','::1',NULL,'2025-04-28 17:44:22'),(120,424,'User logged in: juma.mohamed10@outlook.com','::1',NULL,'2025-04-28 17:45:38'),(121,428,'User logged in: abdul.mwinyi10@gmail.com','::1',NULL,'2025-04-28 17:48:38'),(122,427,'User logged in: zainab.khamis10@outlook.com','::1',NULL,'2025-04-28 18:02:08'),(123,6,'User logged in: fatuma.ali@gmail.com','::1',NULL,'2025-04-28 18:03:15'),(124,1,'User logged in: admin01@smartuchaguzi.com','::1',NULL,'2025-04-29 05:16:34'),(125,1,'Admin Dashboard Access','::1','User accessed admin dashboard','2025-04-29 05:16:34'),(126,427,'User logged in: zainab.khamis10@outlook.com','::1',NULL,'2025-04-29 05:17:27'),(127,1,'User logged in: admin01@smartuchaguzi.com','::1',NULL,'2025-04-29 05:37:51'),(128,1,'Admin Dashboard Access','::1','User accessed admin dashboard','2025-04-29 05:37:51'),(129,1,'User logged in: admin01@smartuchaguzi.com','::1',NULL,'2025-04-29 05:56:32'),(130,1,'Admin Dashboard Access','::1','User accessed admin dashboard','2025-04-29 05:56:32'),(131,1,'Admin Dashboard Access','::1','User accessed admin dashboard','2025-04-29 05:57:36'),(132,1,'Admin Dashboard Access','::1','User accessed admin dashboard','2025-04-29 06:06:41'),(133,1,'Admin Dashboard Access','::1','User accessed admin dashboard','2025-04-29 06:07:12'),(134,1,'Admin Dashboard Access','::1','User accessed admin dashboard','2025-04-29 06:12:49'),(135,1,'Admin Dashboard Access','::1','User accessed admin dashboard','2025-04-29 06:14:10'),(136,2,'User logged in: mgeni.abdallah@outlook.com','::1',NULL,'2025-04-30 12:37:51'),(137,1,'User logged in: admin01@smartuchaguzi.com','::1',NULL,'2025-05-10 09:37:32'),(138,1,'Admin Dashboard Access','::1','User accessed admin dashboard','2025-05-10 09:37:32'),(139,1,'Admin Dashboard Access','::1','User accessed admin dashboard','2025-05-10 09:38:05'),(140,1,'Admin Dashboard Access','::1','User accessed admin dashboard','2025-05-10 09:40:20'),(141,6,'User logged in: fatuma.ali@gmail.com','::1',NULL,'2025-05-10 09:41:47'),(142,7,'User logged in: hamisi.rashid@yahoo.com','::1',NULL,'2025-05-11 11:57:47'),(143,6,'User logged in: fatuma.ali@gmail.com','::1',NULL,'2025-05-11 12:14:05'),(144,1,'User logged in: admin01@smartuchaguzi.com','::1',NULL,'2025-05-12 04:44:14'),(145,1,'Admin Dashboard Access','::1','User accessed admin dashboard','2025-05-12 04:44:14'),(146,4,'User logged in: mariam.juma@gmail.com','::1',NULL,'2025-05-12 04:44:54'),(147,4,'User logged in: mariam.juma@gmail.com','::1',NULL,'2025-05-12 05:10:43'),(148,4,'User logged in: mariam.juma@gmail.com','::1',NULL,'2025-05-12 05:18:12'),(149,4,'User logged in: mariam.juma@gmail.com','::1',NULL,'2025-05-12 05:33:07'),(150,4,'User logged in: mariam.juma@gmail.com','::1',NULL,'2025-05-12 05:39:19'),(151,4,'User logged in: mariam.juma@gmail.com','::1',NULL,'2025-05-12 05:44:53'),(152,4,'User logged in: mariam.juma@gmail.com','::1',NULL,'2025-05-12 05:59:01'),(153,4,'User logged in: mariam.juma@gmail.com','::1',NULL,'2025-05-12 06:07:30'),(154,4,'User logged in: mariam.juma@gmail.com','::1',NULL,'2025-05-12 06:21:35'),(155,4,'User logged in: mariam.juma@gmail.com','::1',NULL,'2025-05-12 06:27:20'),(156,4,'User logged in: mariam.juma@gmail.com','::1',NULL,'2025-05-12 06:34:47'),(157,4,'User logged in: mariam.juma@gmail.com','::1',NULL,'2025-05-12 06:52:15'),(158,4,'User logged in: mariam.juma@gmail.com','::1',NULL,'2025-05-12 06:54:04'),(159,4,'User logged in: mariam.juma@gmail.com','::1',NULL,'2025-05-12 07:50:00'),(160,4,'User logged in: mariam.juma@gmail.com','::1',NULL,'2025-05-12 07:53:41'),(161,385,'User logged in: fatma.juma9@outlook.com','::1',NULL,'2025-05-12 08:16:28'),(162,1,'User logged in: admin01@smartuchaguzi.com','::1',NULL,'2025-05-12 08:58:47'),(163,1,'User logged in: admin01@smartuchaguzi.com','::1',NULL,'2025-05-12 08:59:01'),(164,1,'User logged in: admin01@smartuchaguzi.com','::1',NULL,'2025-05-12 09:08:02'),(165,1,'Admin Dashboard Access','::1','User accessed admin dashboard','2025-05-12 09:10:26'),(166,1,'Admin Dashboard Access','::1','User accessed admin dashboard','2025-05-12 09:11:47'),(167,1,'User logged in: admin01@smartuchaguzi.com','::1',NULL,'2025-05-12 09:27:23'),(168,1,'Admin Dashboard Access','::1','User accessed admin dashboard','2025-05-12 09:28:12'),(169,1,'Admin Dashboard Access','::1','User accessed admin dashboard','2025-05-12 09:31:39'),(170,1,'Admin Dashboard Access','::1','User accessed admin dashboard','2025-05-12 09:34:58'),(171,1,'User logged in: admin01@smartuchaguzi.com','::1',NULL,'2025-05-12 15:23:23'),(172,1,'Admin Dashboard Access','::1','User accessed admin dashboard','2025-05-12 15:24:10'),(173,6,'User logged in: fatuma.ali@gmail.com','::1',NULL,'2025-05-12 15:24:49'),(174,6,'User logged in: fatuma.ali@gmail.com','::1',NULL,'2025-05-12 15:27:14'),(175,6,'User logged in: fatuma.ali@gmail.com','::1',NULL,'2025-05-12 15:35:57'),(176,1,'User logged in: admin01@smartuchaguzi.com','::1',NULL,'2025-05-12 15:38:51'),(177,426,'User logged in: hamisi.rashid10@yahoo.com','::1',NULL,'2025-05-12 16:43:55'),(178,426,'User logged in: hamisi.rashid10@yahoo.com','::1',NULL,'2025-05-12 16:50:16'),(179,4,'User logged in: mariam.juma@gmail.com','::1',NULL,'2025-05-13 05:49:42'),(180,4,'User logged in: mariam.juma@gmail.com','::1',NULL,'2025-05-13 06:24:40'),(181,4,'User logged in: mariam.juma@gmail.com','::1',NULL,'2025-05-13 06:53:02'),(182,4,'User logged in: mariam.juma@gmail.com','::1',NULL,'2025-05-15 08:08:49'),(183,4,'User logged in: mariam.juma@gmail.com','::1',NULL,'2025-05-15 08:31:15'),(184,1,'User logged in: admin01@smartuchaguzi.com','::1',NULL,'2025-05-17 07:38:37'),(185,1,'Admin Dashboard Access','::1','User accessed admin dashboard','2025-05-17 07:39:42'),(186,1,'Admin Dashboard Access','::1','User accessed admin dashboard','2025-05-17 07:43:00'),(187,1,'Admin Dashboard Access','::1','User accessed admin dashboard','2025-05-17 07:43:14'),(188,1,'Admin Dashboard Access','::1','User accessed admin dashboard','2025-05-17 07:45:30'),(189,1,'Admin Dashboard Access','::1','User accessed admin dashboard','2025-05-17 07:47:29'),(190,1,'Admin Dashboard Access','::1','User accessed admin dashboard','2025-05-17 07:48:05'),(191,1,'Admin Dashboard Access','::1','User accessed admin dashboard','2025-05-17 07:56:06'),(192,1,'Admin Dashboard Access','::1','User accessed admin dashboard','2025-05-17 08:16:41'),(193,1,'Admin Dashboard Access','::1','User accessed admin dashboard','2025-05-17 08:16:47'),(194,1,'Admin Dashboard Access','::1','User accessed admin dashboard','2025-05-17 08:20:30'),(195,1,'Admin Dashboard Access','::1','User accessed admin dashboard','2025-05-17 08:23:43'),(196,1,'Admin Dashboard Access','::1','User accessed admin dashboard','2025-05-17 08:30:34'),(197,1,'Admin Dashboard Access','::1','User accessed admin dashboard','2025-05-17 08:36:23'),(198,1,'Admin Dashboard Access','::1','User accessed admin dashboard','2025-05-17 08:36:27'),(199,1,'Admin Dashboard Access','::1','User accessed admin dashboard','2025-05-17 08:47:08'),(200,1,'Admin Dashboard Access','::1','User accessed admin dashboard','2025-05-17 08:47:14'),(201,1,'Admin Dashboard Access','::1','User accessed admin dashboard','2025-05-17 08:51:19'),(202,1,'Admin Dashboard Access','::1','User accessed admin dashboard','2025-05-17 08:58:38'),(203,1,'Admin Dashboard Access','::1','User accessed admin dashboard','2025-05-17 08:59:45'),(204,1,'User logged in: admin01@smartuchaguzi.com','::1',NULL,'2025-05-17 09:05:03'),(205,1,'Admin Dashboard Access','::1','User accessed admin dashboard','2025-05-17 09:05:45'),(206,1,'Admin Dashboard Access','::1','User accessed admin dashboard','2025-05-17 09:06:43'),(207,1,'Admin Dashboard Access','::1','User accessed admin dashboard','2025-05-17 09:08:21'),(208,1,'Admin Dashboard Access','::1','User accessed admin dashboard','2025-05-17 09:08:38'),(209,1,'Admin Dashboard Access','::1','User accessed admin dashboard','2025-05-17 09:09:02'),(210,1,'Admin Dashboard Access','::1','User accessed admin dashboard','2025-05-17 09:09:13'),(211,1,'Admin Dashboard Access','::1','User accessed admin dashboard','2025-05-17 09:09:36'),(212,1,'Admin Dashboard Access','::1','User accessed admin dashboard','2025-05-17 09:13:32'),(213,1,'Admin Dashboard Access','::1','User accessed admin dashboard','2025-05-17 09:14:45'),(214,1,'Admin Dashboard Access','::1','User accessed admin dashboard','2025-05-17 09:28:49'),(215,1,'Admin Dashboard Access','::1','User accessed admin dashboard','2025-05-17 09:38:31'),(216,1,'Admin Dashboard Access','::1','User accessed admin dashboard','2025-05-17 09:53:33'),(217,1,'Admin Dashboard Access','::1','User accessed admin dashboard','2025-05-17 09:53:41'),(218,1,'Admin Dashboard Access','::1','User accessed admin dashboard','2025-05-17 09:56:54'),(219,1,'Admin Dashboard Access','::1','User accessed admin dashboard','2025-05-17 10:09:46'),(220,1,'Admin Dashboard Access','::1','User accessed admin dashboard','2025-05-17 10:10:31'),(221,1,'Admin Dashboard Access','::1','User accessed admin dashboard','2025-05-17 10:11:35'),(222,1,'Admin Dashboard Access','::1','User accessed admin dashboard','2025-05-17 10:18:31'),(223,1,'Admin Dashboard Access','::1','User accessed admin dashboard','2025-05-17 10:24:55'),(224,1,'Admin Dashboard Access','::1','User accessed admin dashboard','2025-05-17 10:47:18'),(225,1,'Admin Dashboard Access','::1','User accessed admin dashboard','2025-05-17 11:03:49'),(226,1,'Admin Dashboard Access','::1','User accessed admin dashboard','2025-05-17 11:05:31'),(227,1,'Admin Dashboard Access','::1','User accessed admin dashboard','2025-05-17 11:13:29'),(228,1,'Admin Dashboard Access','::1','User accessed admin dashboard','2025-05-17 11:17:29'),(229,1,'Admin Dashboard Access','::1','User accessed admin dashboard','2025-05-17 11:17:46'),(230,1,'Admin Dashboard Access','::1','User accessed admin dashboard','2025-05-17 11:25:17'),(231,1,'User logged in: admin01@smartuchaguzi.com','::1',NULL,'2025-05-17 12:14:20'),(232,1,'Admin Dashboard Access','::1','User accessed admin dashboard','2025-05-17 12:15:14'),(233,1,'Admin Dashboard Access','::1','User accessed admin dashboard','2025-05-17 12:34:30'),(234,1,'User logged in: admin01@smartuchaguzi.com','::1',NULL,'2025-05-17 13:05:33'),(235,1,'Admin Dashboard Access','::1','User accessed admin dashboard','2025-05-17 13:06:15'),(236,1,'Admin Dashboard Access','::1','User accessed admin dashboard','2025-05-17 13:26:16'),(237,1,'Admin Dashboard Access','::1','User accessed admin dashboard','2025-05-17 13:26:22'),(238,1,'Admin Dashboard Access','::1','User accessed admin dashboard','2025-05-17 13:26:50'),(239,1,'User logged in: admin01@smartuchaguzi.com','::1',NULL,'2025-05-17 14:35:26'),(240,1,'Admin Dashboard Access','::1','User accessed admin dashboard','2025-05-17 14:36:21'),(241,1,'Admin Dashboard Access','::1','User accessed admin dashboard','2025-05-17 14:46:13'),(242,1,'Admin Dashboard Access','::1','User accessed admin dashboard','2025-05-17 14:46:31'),(243,1,'Admin Dashboard Access','::1','User accessed admin dashboard','2025-05-17 14:53:03'),(244,1,'Admin Dashboard Access','::1','User accessed admin dashboard','2025-05-17 14:54:28'),(245,1,'User logged in: admin01@smartuchaguzi.com','::1',NULL,'2025-05-17 15:11:12'),(246,1,'Admin Dashboard Access','::1','User accessed admin dashboard','2025-05-17 15:11:53'),(247,1,'Admin Dashboard Access','::1','User accessed admin dashboard','2025-05-17 15:12:13'),(248,1,'User logged in: admin01@smartuchaguzi.com','::1',NULL,'2025-05-17 15:23:03'),(249,1,'User logged in: admin01@smartuchaguzi.com','::1',NULL,'2025-05-18 06:47:51'),(250,1,'Admin Dashboard Access','::1','User accessed admin dashboard','2025-05-18 06:48:21'),(251,1,'Admin Dashboard Access','::1','User accessed admin dashboard','2025-05-18 06:50:00'),(252,1,'Admin Dashboard Access','::1','User accessed admin dashboard','2025-05-18 06:51:00'),(253,1,'User logged in: admin01@smartuchaguzi.com','::1',NULL,'2025-05-18 07:44:27'),(254,1,'Admin Dashboard Access','::1','User accessed admin dashboard','2025-05-18 07:44:54'),(255,1,'User logged in: admin01@smartuchaguzi.com','::1',NULL,'2025-05-18 09:23:08'),(256,1,'Admin Dashboard Access','::1','User accessed admin dashboard','2025-05-18 09:23:48'),(257,1,'Admin Dashboard Access','::1','User accessed admin dashboard','2025-05-18 09:49:49'),(258,1,'Admin Dashboard Access','::1','User accessed admin dashboard','2025-05-18 09:50:33'),(259,1,'Admin Dashboard Access','::1','User accessed admin dashboard','2025-05-18 09:50:40'),(260,1,'Admin Dashboard Access','::1','User accessed admin dashboard','2025-05-18 09:56:38'),(261,1,'Admin Dashboard Access','::1','User accessed admin dashboard','2025-05-18 09:58:08'),(262,1,'Admin Dashboard Access','::1','User accessed admin dashboard','2025-05-18 10:18:58'),(263,1,'Admin Dashboard Access','::1','User accessed admin dashboard','2025-05-18 10:19:14'),(264,1,'Admin Dashboard Access','::1','User accessed admin dashboard','2025-05-18 10:19:42'),(265,1,'Admin Dashboard Access','::1','User accessed admin dashboard','2025-05-18 10:38:38'),(266,1,'Admin Dashboard Access','::1','User accessed admin dashboard','2025-05-18 10:43:13'),(267,1,'Admin Dashboard Access','::1','User accessed admin dashboard','2025-05-18 10:55:15'),(268,1,'Admin Dashboard Access','::1','User accessed admin dashboard','2025-05-18 10:55:40'),(269,4,'User logged in: mariam.juma@gmail.com','::1',NULL,'2025-05-18 11:17:45'),(270,4,'User logged in: mariam.juma@gmail.com','::1',NULL,'2025-05-18 11:53:58'),(271,1,'User logged in: admin01@smartuchaguzi.com','::1',NULL,'2025-05-19 15:48:57'),(272,4,'User logged in: mariam.juma@gmail.com','::1',NULL,'2025-05-22 15:39:57'),(273,4,'User logged in: mariam.juma@gmail.com','::1',NULL,'2025-05-22 16:25:09'),(274,4,'User logged in: mariam.juma@gmail.com','::1',NULL,'2025-05-22 16:55:56'),(275,4,'User logged in: mariam.juma@gmail.com','::1',NULL,'2025-05-22 17:30:14'),(276,4,'User logged in: mariam.juma@gmail.com','::1',NULL,'2025-05-23 06:54:19'),(277,1,'User logged in: admin01@smartuchaguzi.com','::1',NULL,'2025-05-23 06:58:17'),(278,1,'Admin Dashboard Access','::1','User accessed admin dashboard','2025-05-23 06:58:57'),(279,1,'Admin Dashboard Access','::1','User accessed admin dashboard','2025-05-23 06:59:41'),(280,1,'Admin Dashboard Access','::1','User accessed admin dashboard','2025-05-23 07:00:35'),(281,1,'Admin Dashboard Access','::1','User accessed admin dashboard','2025-05-23 07:06:13'),(282,4,'User logged in: mariam.juma@gmail.com','::1',NULL,'2025-05-23 07:24:20'),(283,1,'User logged in: admin01@smartuchaguzi.com','::1',NULL,'2025-05-23 07:26:02'),(284,1,'Admin Dashboard Access','::1','User accessed admin dashboard','2025-05-23 07:26:18'),(285,1,'Admin Dashboard Access','::1','User accessed admin dashboard','2025-05-23 07:28:16'),(286,1,'Admin Dashboard Access','::1','User accessed admin dashboard','2025-05-23 07:35:57'),(287,1,'Admin Dashboard Access','::1','User accessed admin dashboard','2025-05-23 07:36:34'),(288,1,'Admin Dashboard Access','::1','User accessed admin dashboard','2025-05-23 07:37:07'),(289,4,'User logged in: mariam.juma@gmail.com','::1',NULL,'2025-05-23 07:37:49'),(290,4,'User logged in: mariam.juma@gmail.com','::1',NULL,'2025-05-23 17:38:26'),(291,4,'User logged in: mariam.juma@gmail.com','::1',NULL,'2025-05-23 17:50:10'),(292,4,'User logged in: mariam.juma@gmail.com','::1',NULL,'2025-05-24 07:00:46'),(293,4,'User logged in: mariam.juma@gmail.com','::1',NULL,'2025-05-24 08:00:57'),(294,4,'User logged in: mariam.juma@gmail.com','::1',NULL,'2025-05-24 08:11:12'),(295,414,'User logged in: nuru.fatma9@outlook.com','::1',NULL,'2025-05-24 09:26:21'),(296,426,'User logged in: hamisi.rashid10@yahoo.com','::1',NULL,'2025-05-24 09:31:09'),(297,434,'User logged in: ummymwalimu@udom.com','::1',NULL,'2025-05-24 09:43:45'),(298,4,'User logged in: mariam.juma@gmail.com','::1',NULL,'2025-05-24 09:57:05'),(299,430,'User logged in: saidi.bakari10@gmail.com','::1',NULL,'2025-05-24 09:58:47'),(300,428,'User logged in: abdul.mwinyi10@gmail.com','::1',NULL,'2025-05-24 10:00:45'),(301,427,'User logged in: zainab.khamis10@outlook.com','::1',NULL,'2025-05-24 10:02:31'),(302,430,'User logged in: saidi.bakari10@gmail.com','::1',NULL,'2025-05-24 10:08:00'),(303,428,'User logged in: abdul.mwinyi10@gmail.com','::1',NULL,'2025-05-24 10:09:33'),(304,427,'User logged in: zainab.khamis10@outlook.com','::1',NULL,'2025-05-24 10:10:49'),(305,1,'User logged in: admin01@smartuchaguzi.com','::1',NULL,'2025-05-24 15:46:49'),(306,1,'Admin Dashboard Access','::1','User accessed admin dashboard','2025-05-24 15:47:45'),(307,1,'Admin Dashboard Access','::1','User accessed admin dashboard','2025-05-24 15:48:12'),(308,1,'User logged in: admin01@smartuchaguzi.com','::1',NULL,'2025-05-25 05:36:18'),(309,1,'Admin Dashboard Access','::1','User accessed admin dashboard','2025-05-25 05:37:11'),(310,1,'Admin Dashboard Access','::1','User accessed admin dashboard','2025-05-25 07:03:47'),(311,1,'Admin Dashboard Access','::1','User accessed admin dashboard','2025-05-25 07:13:27'),(312,1,'Admin Dashboard Access','::1','User accessed admin dashboard','2025-05-25 07:15:04'),(313,1,'Admin Dashboard Access','::1','User accessed admin dashboard','2025-05-25 07:20:00'),(314,4,'User logged in: mariam.juma@gmail.com','::1',NULL,'2025-05-31 07:55:42'),(315,1,'Admin Dashboard Access','::1','User accessed admin dashboard','2025-06-03 05:46:58'),(316,1,'Admin Dashboard Access','::1','User accessed admin dashboard','2025-06-03 05:51:26'),(317,1,'Admin Dashboard Access','::1','User accessed admin dashboard','2025-06-03 05:54:40'),(318,1,'Admin Dashboard Access','::1','User accessed admin dashboard','2025-06-03 06:00:21'),(319,1,'Admin Dashboard Access','::1','User accessed admin dashboard','2025-06-03 06:28:14'),(320,1,'Admin Dashboard Access','::1','User accessed admin dashboard','2025-06-06 16:20:12'),(321,1,'Admin Dashboard Access','::1','User accessed admin dashboard','2025-06-06 16:22:16'),(322,1,'Admin Dashboard Access','::1','User accessed admin dashboard','2025-06-06 16:22:49'),(323,1,'Admin Dashboard Access','::1','User accessed admin dashboard','2025-06-06 16:23:44'),(324,1,'Admin Dashboard Access','::1','User accessed admin dashboard','2025-06-06 16:25:23'),(325,1,'Admin Dashboard Access','::1','User accessed admin dashboard','2025-06-07 09:03:41'),(326,1,'Admin Dashboard Access','::1','User accessed admin dashboard','2025-06-07 09:11:19'),(327,1,'Admin Dashboard Access','::1','User accessed admin dashboard','2025-06-07 09:13:41'),(328,1,'Admin Dashboard Access','::1','User accessed admin dashboard','2025-06-07 09:15:44'),(329,4,'Wallet address updated to: 0x1fd37c62935b37bbee8c9a0c643d138723a66d08','::1',NULL,'2025-06-07 19:55:49'),(330,4,'Wallet address updated to: 0x1fd37c62935b37bbee8c9a0c643d138723a66d08','::1',NULL,'2025-06-08 06:52:23'),(331,4,'Wallet address updated to: 0x1fd37c62935b37bbee8c9a0c643d138723a66d08','::1',NULL,'2025-06-08 07:47:41'),(332,4,'Wallet address updated to: 0x1fd37c62935b37bbee8c9a0c643d138723a66d08','::1',NULL,'2025-06-09 16:08:22'),(333,4,'Wallet address updated to: 0x1fd37c62935b37bbee8c9a0c643d138723a66d08','::1',NULL,'2025-06-09 16:11:38'),(334,4,'Wallet address updated to: 0x1fd37c62935b37bbee8c9a0c643d138723a66d08','::1',NULL,'2025-06-09 16:14:46'),(335,4,'Wallet address updated to: 0x1fd37c62935b37bbee8c9a0c643d138723a66d08','::1',NULL,'2025-06-09 16:17:36'),(336,4,'Wallet address updated to: 0x1fd37c62935b37bbee8c9a0c643d138723a66d08','::1',NULL,'2025-06-09 16:47:51'),(337,4,'Wallet address updated to: 0x1fd37c62935b37bbee8c9a0c643d138723a66d08','::1',NULL,'2025-06-09 16:50:17'),(338,4,'Wallet address updated to: 0x1fd37c62935b37bbee8c9a0c643d138723a66d08','::1',NULL,'2025-06-09 16:53:52'),(339,4,'Wallet address updated to: 0x1fd37c62935b37bbee8c9a0c643d138723a66d08','::1',NULL,'2025-06-10 18:31:17'),(340,4,'Wallet address updated to: 0x1fd37c62935b37bbee8c9a0c643d138723a66d08','::1',NULL,'2025-06-10 20:15:55'),(341,1,'Admin Dashboard Access','::1','User accessed admin dashboard','2025-06-12 09:00:17'),(342,1,'Admin Dashboard Access','::1','User accessed admin dashboard','2025-06-12 09:37:16'),(343,1,'Admin Dashboard Access','::1','User accessed admin dashboard','2025-06-12 09:41:58'),(344,1,'Admin Dashboard Access','::1','User accessed admin dashboard','2025-06-12 15:03:16'),(345,1,'Admin Dashboard Access','::1','User accessed admin dashboard','2025-06-12 15:04:38'),(346,1,'Admin Dashboard Access','::1','User accessed admin dashboard','2025-06-12 15:05:51'),(347,1,'Admin Dashboard Access','::1','User accessed admin dashboard','2025-06-12 15:07:25'),(348,1,'Admin Dashboard Access','::1','User accessed admin dashboard','2025-06-14 11:12:19'),(349,1,'Admin Dashboard Access','::1','User accessed admin dashboard','2025-06-14 11:13:27'),(350,1,'Admin Dashboard Access','::1','User accessed admin dashboard','2025-06-14 11:29:25'),(351,1,'Admin Dashboard Access','::1','User accessed admin dashboard','2025-06-14 11:47:00'),(352,1,'Admin Dashboard Access','::1','User accessed admin dashboard','2025-06-16 05:25:19'),(353,1,'Admin Dashboard Access','::1','User accessed admin dashboard','2025-06-17 10:39:22'),(354,1,'Admin Dashboard Access','::1','User accessed admin dashboard','2025-06-17 11:56:53'),(355,1,'Admin Dashboard Access','::1','User accessed admin dashboard','2025-06-17 12:16:11'),(356,1,'Admin Dashboard Access','::1','User accessed admin dashboard','2025-06-17 12:16:48');
/*!40000 ALTER TABLE `auditlogs` ENABLE KEYS */;
UNLOCK TABLES;

--
-- Table structure for table `blockchainrecords`
--

DROP TABLE IF EXISTS `blockchainrecords`;
/*!40101 SET @saved_cs_client     = @@character_set_client */;
/*!50503 SET character_set_client = utf8mb4 */;
CREATE TABLE `blockchainrecords` (
  `block_id` int NOT NULL AUTO_INCREMENT,
  `election_id` int DEFAULT NULL,
  `hash` varchar(255) NOT NULL,
  `data` text NOT NULL,
  `timestamp` timestamp NULL DEFAULT CURRENT_TIMESTAMP,
  `voter` varchar(255) NOT NULL,
  `position_id` int NOT NULL,
  `candidate_id` int NOT NULL,
  PRIMARY KEY (`block_id`),
  KEY `fk_block_election` (`election_id`),
  CONSTRAINT `fk_block_election` FOREIGN KEY (`election_id`) REFERENCES `elections` (`election_id`)
) ENGINE=InnoDB AUTO_INCREMENT=8 DEFAULT CHARSET=utf8mb4 COLLATE=utf8mb4_0900_ai_ci;
/*!40101 SET character_set_client = @saved_cs_client */;

--
-- Dumping data for table `blockchainrecords`
--

LOCK TABLES `blockchainrecords` WRITE;
/*!40000 ALTER TABLE `blockchainrecords` DISABLE KEYS */;
INSERT INTO `blockchainrecords` VALUES (1,1,'d7496a443bf9082fa008230331070d00bb6896739540709eee41631ec8b04925','{\"candidate_name\":\"Fatma Juma\",\"position_name\":\"University President\"}','2025-06-17 06:46:26','0xe5b8668b9e9f2c863d40772745aa1261c4356386',1,1),(2,1,'e437456057f6225571a8053982d29cce9269ad81e068048e8ae53ec6d525eff1','{\"candidate_name\":\"Aisha Said\",\"position_name\":\"College Governor (CIVE)\"}','2025-06-17 06:47:26','0xe5b8668b9e9f2c863d40772745aa1261c4356386',2,4),(3,1,'1b3aa4c986d64487e3c9f2fb69cad2ef55fbb9970ae3c16a70ae4600cad94ab6','{\"candidate_name\":\"Hamad Abdallah\",\"position_name\":\"Member of Parliament (CIVE Block 1)\"}','2025-06-17 06:48:07','0xe5b8668b9e9f2c863d40772745aa1261c4356386',3,7),(4,1,'b34dc58ffc6e138c8993e5a28a5f1d18039c24906c489aacb697a81bfc3aaf69','{\"candidate_name\":\"Fatma Juma\",\"position_name\":\"University President\"}','2025-06-17 13:01:09','0xc72ab0111d92ac2b4543ac909b9fc0da86970066',1,1),(5,1,'9ee26d5acbbe4ee243651cf5f70281f1a518cd55295b4c0030dd102d6e9f16e2','{\"candidate_name\":\"Aisha Said\",\"position_name\":\"College Governor (CIVE)\"}','2025-06-17 13:02:29','0xc72ab0111d92ac2b4543ac909b9fc0da86970066',2,4),(6,1,'304aea65c050f5d4759dc40fbc307c3e6d050176d9539432e60cfd48229f16b5','{\"candidate_name\":\"Maria Nyerere\",\"position_name\":\"Member of Parliament (CIVE Block 1)\"}','2025-06-17 13:03:38','0xc72ab0111d92ac2b4543ac909b9fc0da86970066',3,8),(7,1,'7e672d760ac20083c9169e18c4c6e3646266efa94887553b5ee61deddc603237','{\"candidate_name\":\"Joseph Mushi\",\"position_name\":\"University President\"}','2025-06-19 07:59:41','0x6f0101e8e81fb8c861f53d0aac532deb65939740',1,2);
/*!40000 ALTER TABLE `blockchainrecords` ENABLE KEYS */;
UNLOCK TABLES;

--
-- Table structure for table `candidates`
--

DROP TABLE IF EXISTS `candidates`;
/*!40101 SET @saved_cs_client     = @@character_set_client */;
/*!50503 SET character_set_client = utf8mb4 */;
CREATE TABLE `candidates` (
  `id` int NOT NULL,
  `official_id` varchar(30) DEFAULT NULL,
  `election_id` int DEFAULT NULL,
  `firstname` varchar(30) NOT NULL,
  `midname` varchar(30) DEFAULT NULL,
  `lastname` varchar(30) NOT NULL,
  `association` varchar(40) DEFAULT NULL,
  `college` varchar(50) DEFAULT NULL,
  `position_id` int NOT NULL,
  `pair_id` int DEFAULT NULL,
  `passport` varchar(400) DEFAULT 'images/general.png',
  `hostel_id` int DEFAULT NULL,
  PRIMARY KEY (`id`),
  KEY `official_id` (`official_id`),
  KEY `election_id` (`election_id`),
  CONSTRAINT `fk_elections` FOREIGN KEY (`election_id`) REFERENCES `elections` (`election_id`) ON DELETE SET NULL ON UPDATE CASCADE
) ENGINE=InnoDB DEFAULT CHARSET=utf8mb4 COLLATE=utf8mb4_0900_ai_ci;
/*!40101 SET character_set_client = @saved_cs_client */;

--
-- Dumping data for table `candidates`
--

LOCK TABLES `candidates` WRITE;
/*!40000 ALTER TABLE `candidates` DISABLE KEYS */;
INSERT INTO `candidates` VALUES (1,'CAND-0001',1,'Fatma','Amina','Juma','UDOSO','',1,1,'images/candidates/fatma.jpeg',NULL),(2,'CAND-0002',1,'Joseph','Peter','Mushi','UDOSO',NULL,1,2,'images/general.png',NULL),(4,'CAND-0004',1,'Aisha','Khamis','Said','UDOSO','CIVE',2,3,'images/general.png',NULL),(5,'CAND-0005',1,'Grace','Michael','Temu','UDOSO','CIVE',2,4,'images/general.png',NULL),(7,'CAND-0007',1,'Hamad','Omar','Abdallah','UDOSO','CIVE',3,NULL,'images/general.png',NULL),(8,'CAND-0008',1,'Maria','John','Nyerere','UDOSO','CIVE',3,NULL,'images/general.png',NULL),(10,'CAND-0010',1,'Khadija','Mwinyi','Haji','UDOSO','CIVE',4,NULL,'images/general.png',NULL),(11,'CAND-0011',1,'David','Thomas','Kweka','UDOSO','CIVE',4,NULL,'images/general.png',NULL),(12,'CAND-0012',1,'Mwajuma','Salim','Chacha','UDOSO','CIVE',4,NULL,'images/general.png',NULL),(13,'CAND-0013',1,'Zainab','Ali','Makame','UDOSO','CIVE',5,NULL,'images/general.png',NULL),(14,'CAND-0014',1,'Peter','Joseph','Massawe','UDOSO','CIVE',5,NULL,'images/general.png',NULL),(15,'CAND-0015',1,'Rashidi','Hemed','Mwijage','UDOSO','CIVE',5,NULL,'images/general.png',NULL),(16,'CAND-0016',1,'Salma','Fatma','Kassim','UDOSO','CIVE',6,NULL,'images/general.png',NULL),(17,'CAND-0017',1,'Elizabeth','Andrew','Shao','UDOSO','CIVE',6,NULL,'images/general.png',NULL),(18,'CAND-0018',1,'Juma','Hassan','Mwinyi','UDOSO','CIVE',6,NULL,'images/general.png',NULL),(19,'CAND-0019',1,'Nuru','Zuhura','Omar','UDOSO','CIVE',7,NULL,'images/general.png',NULL),(20,'CAND-0020',1,'Simon','Paul','Kileo','UDOSO','CIVE',7,NULL,'images/general.png',NULL),(21,'CAND-0021',1,'Baraka','Mwita','Salum','UDOSO','CIVE',7,NULL,'images/general.png',NULL),(22,'CAND-0022',1,'Mwanahamisi','Khadija','Juma','UDOSO','CIVE',8,NULL,'images/general.png',NULL),(23,'CAND-0023',1,'John','Gabriel','Mrema','UDOSO','CIVE',8,NULL,'images/general.png',NULL),(24,'CAND-0024',1,'Hassan','Ramadhani','Mgeni','UDOSO','CIVE',8,NULL,'images/general.png',NULL),(25,'CAND-0025',1,'Amina','Said','Haji','UDOSO','CoED',9,5,'images/general.png',NULL),(26,'CAND-0026',1,'Esther','Michael','Temu','UDOSO','CoED',9,6,'images/general.png',NULL),(28,'CAND-0028',1,'Fatma','Kassim','Omar','UDOSO','CoED',10,NULL,'images/general.png',NULL),(29,'CAND-0029',1,'Grace','Joseph','Nyerere','UDOSO','CoED',10,NULL,'images/general.png',NULL),(30,'CAND-0030',1,'Salum','Baraka','Mwita','UDOSO','CoED',10,NULL,'images/general.png',NULL),(31,'CAND-0031',1,'Khadija','Ali','Makame','UDOSO','CoED',11,NULL,'images/general.png',NULL),(32,'CAND-0032',1,'Peter','Thomas','Kweka','UDOSO','CoED',11,NULL,'images/general.png',NULL),(33,'CAND-0033',1,'Neema','Hassan','Mgeni','UDOSO','CoED',11,NULL,'images/general.png',NULL),(34,'CAND-0034',1,'Zainab','Mwinyi','Juma','UDOSO','CoED',12,NULL,'images/general.png',NULL),(35,'CAND-0035',1,'Maria','Andrew','Shao','UDOSO','CoED',12,NULL,'images/general.png',NULL),(36,'CAND-0036',1,'Jafari','Ramadhani','Chacha','UDOSO','CoED',12,NULL,'images/general.png',NULL),(37,'CAND-0037',1,'Salma','Fatma','Haji','UDOSO','CoED',13,NULL,'images/general.png',NULL),(38,'CAND-0038',1,'Elizabeth','Paul','Kileo','UDOSO','CoED',13,NULL,'images/general.png',NULL),(39,'CAND-0039',1,'Hassan','Mwita','Salum','UDOSO','CoED',13,NULL,'images/general.png',NULL),(40,'CAND-0040',1,'Nuru','Zuhura','Omar','UDOSO','CoED',14,NULL,'images/general.png',NULL),(41,'CAND-0041',1,'Simon','Joseph','Mrema','UDOSO','CoED',14,NULL,'images/general.png',NULL),(42,'CAND-0042',1,'Baraka','Hemed','Mwijage','UDOSO','CoED',14,NULL,'images/general.png',NULL),(43,'CAND-0043',1,'Mwanahamisi','Khadija','Juma','UDOSO','CoED',15,NULL,'images/general.png',NULL),(44,'CAND-0044',1,'John','Gabriel','Nyerere','UDOSO','CoED',15,NULL,'images/general.png',NULL),(45,'CAND-0045',1,'Ramadhani','Hassan','Mwita','UDOSO','CoED',15,NULL,'images/general.png',NULL),(46,'CAND-0046',1,'Aisha','Said','Makame','UDOSO','CoED',16,NULL,'images/general.png',NULL),(47,'CAND-0047',1,'Grace','Michael','Temu','UDOSO','CoED',16,NULL,'images/general.png',NULL),(48,'CAND-0048',1,'Jafari','Salum','Chacha','UDOSO','CoED',16,NULL,'images/general.png',NULL),(49,'CAND-0049',1,'Fatma','Kassim','Haji','UDOSO','CoED',17,NULL,'images/general.png',NULL),(50,'CAND-0050',1,'Maria','Andrew','Kweka','UDOSO','CoED',17,NULL,'images/general.png',NULL),(51,'CAND-0051',1,'Neema','Baraka','Mgeni','UDOSO','CoED',17,NULL,'images/general.png',NULL),(52,'CAND-0052',1,'Khadija','Mwinyi','Omar','UDOSO','CoED',18,NULL,'images/general.png',NULL),(53,'CAND-0053',1,'Peter','Thomas','Shao','UDOSO','CoED',18,NULL,'images/general.png',NULL),(54,'CAND-0054',1,'Hassan','Ramadhani','Mwita','UDOSO','CoED',18,NULL,'images/general.png',NULL),(55,'CAND-0055',1,'Zainab','Ali','Juma','UDOSO','CoED',19,NULL,'images/general.png',NULL),(56,'CAND-0056',1,'Elizabeth','Paul','Kileo','UDOSO','CoED',19,NULL,'images/general.png',NULL),(57,'CAND-0057',1,'Mwita','Jafari','Salum','UDOSO','CoED',19,NULL,'images/general.png',NULL),(58,'CAND-0058',1,'Salma','Fatma','Haji','UDOSO','CoED',20,NULL,'images/general.png',NULL),(59,'CAND-0059',1,'Simon','Joseph','Mrema','UDOSO','CoED',20,NULL,'images/general.png',NULL),(60,'CAND-0060',1,'Baraka','Hemed','Mgeni','UDOSO','CoED',20,NULL,'images/general.png',NULL),(61,'CAND-0061',1,'Mwanahamisi','Khadija','Omar','UDOSO','CoED',21,NULL,'images/general.png',NULL),(62,'CAND-0062',1,'John','Gabriel','Nyerere','UDOSO','CoED',21,NULL,'images/general.png',NULL),(63,'CAND-0063',1,'Ramadhani','Hassan','Chacha','UDOSO','CoED',21,NULL,'images/general.png',NULL),(64,'CAND-0064',1,'Aisha','Said','Makame','UDOSO','CoED',22,NULL,'images/general.png',NULL),(65,'CAND-0065',1,'Grace','Michael','Temu','UDOSO','CoED',22,NULL,'images/general.png',NULL),(66,'CAND-0066',1,'Jafari','Salum','Mwita','UDOSO','CoED',22,NULL,'images/general.png',NULL),(67,'CAND-0067',1,'Fatma','Kassim','Haji','UDOSO','CoED',23,NULL,'images/general.png',NULL),(68,'CAND-0068',1,'Maria','Andrew','Kweka','UDOSO','CoED',23,NULL,'images/general.png',NULL),(69,'CAND-0069',1,'Neema','Baraka','Mgeni','UDOSO','CoED',23,NULL,'images/general.png',NULL),(70,'CAND-0070',1,'Khadija','Mwinyi','Omar','UDOSO','CoED',24,NULL,'images/general.png',NULL),(71,'CAND-0071',1,'Peter','Thomas','Shao','UDOSO','CoED',24,NULL,'images/general.png',NULL),(72,'CAND-0072',1,'Hassan','Ramadhani','Mwita','UDOSO','CoED',24,NULL,'images/general.png',NULL),(73,'CAND-0073',1,'Zainab','Ali','Juma','UDOSO','CoED',25,NULL,'images/general.png',NULL),(74,'CAND-0074',1,'Elizabeth','Paul','Kileo','UDOSO','CoED',25,NULL,'images/general.png',NULL),(75,'CAND-0075',1,'Mwita','Jafari','Salum','UDOSO','CoED',25,NULL,'images/general.png',NULL),(76,'CAND-0076',1,'Salma','Fatma','Haji','UDOSO','CoED',26,NULL,'images/general.png',NULL),(77,'CAND-0077',1,'Simon','Joseph','Mrema','UDOSO','CoED',26,NULL,'images/general.png',NULL),(78,'CAND-0078',1,'Baraka','Hemed','Mgeni','UDOSO','CoED',26,NULL,'images/general.png',NULL),(79,'CAND-0079',1,'Mwanahamisi','Khadija','Omar','UDOSO','CoED',27,NULL,'images/general.png',NULL),(80,'CAND-0080',1,'John','Gabriel','Nyerere','UDOSO','CoED',27,NULL,'images/general.png',NULL),(81,'CAND-0081',1,'Ramadhani','Hassan','Chacha','UDOSO','CoED',27,NULL,'images/general.png',NULL),(82,'CAND-0082',1,'Aisha','Said','Makame','UDOSO','CoED',28,NULL,'images/general.png',NULL),(83,'CAND-0083',1,'Grace','Michael','Temu','UDOSO','CoED',28,NULL,'images/general.png',NULL),(84,'CAND-0084',1,'Jafari','Salum','Mwita','UDOSO','CoED',28,NULL,'images/general.png',NULL),(85,'CAND-0085',1,'Fatma','Kassim','Haji','UDOSO','CoED',29,NULL,'images/general.png',NULL),(86,'CAND-0086',1,'Maria','Andrew','Kweka','UDOSO','CoED',29,NULL,'images/general.png',NULL),(87,'CAND-0087',1,'Neema','Baraka','Mgeni','UDOSO','CoED',29,NULL,'images/general.png',NULL),(88,'CAND-0088',1,'Khadija','Mwinyi','Omar','UDOSO','CNMS',30,7,'images/general.png',NULL),(89,'CAND-0089',1,'Peter','Thomas','Shao','UDOSO','CNMS',30,8,'images/general.png',NULL),(91,'CAND-0091',1,'Zainab','Ali','Juma','UDOSO','CNMS',31,NULL,'images/general.png',NULL),(92,'CAND-0092',1,'Elizabeth','Paul','Kileo','UDOSO','CNMS',31,NULL,'images/general.png',NULL),(93,'CAND-0093',1,'Mwita','Jafari','Salum','UDOSO','CNMS',31,NULL,'images/general.png',NULL),(94,'CAND-0094',1,'Salma','Fatma','Haji','UDOSO','CNMS',32,NULL,'images/general.png',NULL),(95,'CAND-0095',1,'Simon','Joseph','Mrema','UDOSO','CNMS',32,NULL,'images/general.png',NULL),(96,'CAND-0096',1,'Baraka','Hemed','Mgeni','UDOSO','CNMS',32,NULL,'images/general.png',NULL),(97,'CAND-0097',1,'Mwanahamisi','Khadija','Omar','UDOSO','CNMS',33,NULL,'images/general.png',NULL),(98,'CAND-0098',1,'John','Gabriel','Nyerere','UDOSO','CNMS',33,NULL,'images/general.png',NULL),(99,'CAND-0099',1,'Ramadhani','Hassan','Chacha','UDOSO','CNMS',33,NULL,'images/general.png',NULL),(100,'CAND-0100',1,'Aisha','Said','Makame','UDOSO','CNMS',34,NULL,'images/general.png',NULL),(101,'CAND-0101',1,'Grace','Michael','Temu','UDOSO','CNMS',34,NULL,'images/general.png',NULL),(102,'CAND-0102',1,'Jafari','Salum','Mwita','UDOSO','CNMS',34,NULL,'images/general.png',NULL),(103,'CAND-0103',1,'Fatma','Kassim','Haji','UDOSO','CNMS',35,NULL,'images/general.png',NULL),(104,'CAND-0104',1,'Maria','Andrew','Kweka','UDOSO','CNMS',35,NULL,'images/general.png',NULL),(105,'CAND-0105',1,'Neema','Baraka','Mgeni','UDOSO','CNMS',35,NULL,'images/general.png',NULL),(106,'CAND-0106',1,'Khadija','Mwinyi','Omar','UDOSO','CNMS',36,NULL,'images/general.png',NULL),(107,'CAND-0107',1,'Peter','Thomas','Shao','UDOSO','CNMS',36,NULL,'images/general.png',NULL),(108,'CAND-0108',1,'Hassan','Ramadhani','Mwita','UDOSO','CNMS',36,NULL,'images/general.png',NULL),(109,'CAND-0109',1,'Zainab','Ali','Juma','UDOSO','CNMS',37,NULL,'images/general.png',NULL),(110,'CAND-0110',1,'Elizabeth','Paul','Kileo','UDOSO','CNMS',37,NULL,'images/general.png',NULL),(111,'CAND-0111',1,'Mwita','Jafari','Salum','UDOSO','CNMS',37,NULL,'images/general.png',NULL),(112,'CAND-0112',1,'Salma','Fatma','Haji','UDOSO','CNMS',38,NULL,'images/general.png',NULL),(113,'CAND-0113',1,'Simon','Joseph','Mrema','UDOSO','CNMS',38,NULL,'images/general.png',NULL),(114,'CAND-0114',1,'Baraka','Hemed','Mgeni','UDOSO','CNMS',38,NULL,'images/general.png',NULL),(115,'CAND-0115',1,'Mwanahamisi','Khadija','Omar','UDOSO','CNMS',39,NULL,'images/general.png',NULL),(116,'CAND-0116',1,'John','Gabriel','Nyerere','UDOSO','CNMS',39,NULL,'images/general.png',NULL),(117,'CAND-0117',1,'Ramadhani','Hassan','Chacha','UDOSO','CNMS',39,NULL,'images/general.png',NULL),(118,'CAND-0118',1,'Aisha','Said','Makame','UDOSO','CNMS',40,NULL,'images/general.png',NULL),(119,'CAND-0119',1,'Grace','Michael','Temu','UDOSO','CNMS',40,NULL,'images/general.png',NULL),(120,'CAND-0120',1,'Jafari','Salum','Mwita','UDOSO','CNMS',40,NULL,'images/general.png',NULL),(121,'CAND-0121',1,'Fatma','Kassim','Haji','UDOSO','CNMS',41,NULL,'images/general.png',NULL),(122,'CAND-0122',1,'Maria','Andrew','Kweka','UDOSO','CNMS',41,NULL,'images/general.png',NULL),(123,'CAND-0123',1,'Neema','Baraka','Mgeni','UDOSO','CNMS',41,NULL,'images/general.png',NULL),(124,'CAND-0124',1,'Khadija','Mwinyi','Omar','UDOSO','CNMS',42,NULL,'images/general.png',NULL),(125,'CAND-0125',1,'Peter','Thomas','Shao','UDOSO','CNMS',42,NULL,'images/general.png',NULL),(126,'CAND-0126',1,'Hassan','Ramadhani','Mwita','UDOSO','CNMS',42,NULL,'images/general.png',NULL),(127,'CAND-0127',1,'Zainab','Ali','Juma','UDOSO','CNMS',43,NULL,'images/general.png',NULL),(128,'CAND-0128',1,'Elizabeth','Paul','Kileo','UDOSO','CNMS',43,NULL,'images/general.png',NULL),(129,'CAND-0129',1,'Mwita','Jafari','Salum','UDOSO','CNMS',43,NULL,'images/general.png',NULL),(130,'CAND-0130',1,'Salma','Fatma','Haji','UDOSO','CNMS',44,NULL,'images/general.png',NULL),(131,'CAND-0131',1,'Simon','Joseph','Mrema','UDOSO','CNMS',44,NULL,'images/general.png',NULL),(132,'CAND-0132',1,'Baraka','Hemed','Mgeni','UDOSO','CNMS',44,NULL,'images/general.png',NULL),(133,'CAND-0133',2,'Mwanahamisi','Khadija','Omar','UDOMASA',NULL,45,1000,'images/general.png',NULL),(135,'CAND-0135',2,'Ramadhani','Hassan','Chacha','UDOMASA',NULL,45,1002,'images/general.png',NULL),(136,'CAND-0136',2,'Aisha','Said','Makame','UDOMASA',NULL,46,1000,'images/general.png',NULL),(138,'CAND-0138',2,'Jafari','Salum','Mwita','UDOMASA',NULL,46,1002,'images/general.png',NULL),(139,'CAND-0139',2,'Fatma','Kassim','Haji','UDOMASA',NULL,47,NULL,'images/general.png',NULL),(140,'CAND-0140',2,'Maria','Andrew','Kweka','UDOMASA',NULL,47,NULL,'images/general.png',NULL),(141,'CAND-0141',2,'Neema','Baraka','Mgeni','UDOMASA',NULL,47,NULL,'images/general.png',NULL),(142,'CAND-0142',2,'Khadija','Mwinyi','Omar','UDOMASA',NULL,48,NULL,'images/general.png',NULL),(143,'CAND-0143',2,'Peter','Thomas','Shao','UDOMASA',NULL,48,NULL,'images/general.png',NULL),(144,'CAND-0144',2,'Hassan','Ramadhani','Mwita','UDOMASA',NULL,48,NULL,'images/general.png',NULL),(145,'CAND-0145',2,'Zainab','Ali','Juma','UDOMASA',NULL,49,NULL,'images/general.png',NULL),(146,'CAND-0146',2,'Elizabeth','Paul','Kileo','UDOMASA',NULL,49,NULL,'images/general.png',NULL),(147,'CAND-0147',2,'Mwita','Jafari','Salum','UDOMASA',NULL,49,NULL,'images/general.png',NULL),(148,'CAND-0148',2,'Salma','Fatma','Haji','UDOMASA','CIVE',50,NULL,'images/general.png',NULL),(149,'CAND-0149',2,'Simon','Joseph','Mrema','UDOMASA','CIVE',50,NULL,'images/general.png',NULL),(150,'CAND-0150',2,'Baraka','Hemed','Mgeni','UDOMASA','CIVE',50,NULL,'images/general.png',NULL),(151,'CAND-0151',2,'Mwanahamisi','Khadija','Omar','UDOMASA','CIVE',51,NULL,'images/general.png',NULL),(152,'CAND-0152',2,'John','Gabriel','Nyerere','UDOMASA','CIVE',51,NULL,'images/general.png',NULL),(153,'CAND-0153',2,'Ramadhani','Hassan','Chacha','UDOMASA','CIVE',51,NULL,'images/general.png',NULL),(154,'CAND-0154',2,'Aisha','Said','Makame','UDOMASA','CoED',52,NULL,'images/general.png',NULL),(155,'CAND-0155',2,'Grace','Michael','Temu','UDOMASA','CoED',52,NULL,'images/general.png',NULL),(156,'CAND-0156',2,'Jafari','Salum','Mwita','UDOMASA','CoED',52,NULL,'images/general.png',NULL),(157,'CAND-0157',2,'Fatma','Kassim','Haji','UDOMASA','CoED',53,NULL,'images/general.png',NULL),(158,'CAND-0158',2,'Maria','Andrew','Kweka','UDOMASA','CoED',53,NULL,'images/general.png',NULL),(159,'CAND-0159',2,'Neema','Baraka','Mgeni','UDOMASA','CoED',53,NULL,'images/general.png',NULL),(160,'CAND-0160',2,'Khadija','Mwinyi','Omar','UDOMASA','CNMS',54,NULL,'images/general.png',NULL),(161,'CAND-0161',2,'Peter','Thomas','Shao','UDOMASA','CNMS',54,NULL,'images/general.png',NULL),(162,'CAND-0162',2,'Hassan','Ramadhani','Mwita','UDOMASA','CNMS',54,NULL,'images/general.png',NULL),(163,'CAND-0163',2,'Zainab','Ali','Juma','UDOMASA','CNMS',55,NULL,'images/general.png',NULL),(164,'CAND-0164',2,'Elizabeth','Paul','Kileo','UDOMASA','CNMS',55,NULL,'images/general.png',NULL),(165,'CAND-0165',2,'Mwita','Jafari','Salum','UDOMASA','CNMS',55,NULL,'images/general.png',NULL),(166,'CAND-0166',1,'Aika','Mussa','Joshua','UDOSO',NULL,56,1,'images/general.png',NULL),(168,'CAND-0167',1,'Anna','Annabele','Joshua','UDOSO',NULL,56,2,'images/general.png',NULL),(169,'CAND-0168',1,'Petina','Ansu','Joshua','UDOSO','CIVE',57,3,'images/general.png',NULL),(170,'CAND-0169',1,'Anjelikaus','Ansu','Pink','UDOSO','CIVE',57,4,'images/general.png',NULL),(171,'CAND-0170',1,'Anjelika','Ansu','Panadolian','UDOSO','CoED',58,5,'images/general.png',NULL),(172,'CAND-0171',1,'Flaviana','Matata','Akipenda','UDOSO','CoED',58,6,'images/general.png',NULL),(173,'CAND-0172',1,'Flavison','Matata','Anaenjelika','UDOSO','CNMS',59,7,'images/general.png',NULL),(174,'CAND-0173',1,'Kamala','Matata','Sickson','UDOSO','CNMS',59,8,'images/general.png',NULL);
/*!40000 ALTER TABLE `candidates` ENABLE KEYS */;
UNLOCK TABLES;

--
-- Table structure for table `colleges`
--

DROP TABLE IF EXISTS `colleges`;
/*!40101 SET @saved_cs_client     = @@character_set_client */;
/*!50503 SET character_set_client = utf8mb4 */;
CREATE TABLE `colleges` (
  `college_id` int NOT NULL AUTO_INCREMENT,
  `name` varchar(50) NOT NULL,
  PRIMARY KEY (`college_id`)
) ENGINE=InnoDB AUTO_INCREMENT=4 DEFAULT CHARSET=utf8mb4 COLLATE=utf8mb4_0900_ai_ci;
/*!40101 SET character_set_client = @saved_cs_client */;

--
-- Dumping data for table `colleges`
--

LOCK TABLES `colleges` WRITE;
/*!40000 ALTER TABLE `colleges` DISABLE KEYS */;
INSERT INTO `colleges` VALUES (1,'CIVE'),(2,'CoED'),(3,'CNMS');
/*!40000 ALTER TABLE `colleges` ENABLE KEYS */;
UNLOCK TABLES;

--
-- Table structure for table `contactmessages`
--

DROP TABLE IF EXISTS `contactmessages`;
/*!40101 SET @saved_cs_client     = @@character_set_client */;
/*!50503 SET character_set_client = utf8mb4 */;
CREATE TABLE `contactmessages` (
  `id` int NOT NULL AUTO_INCREMENT,
  `name` varchar(255) NOT NULL,
  `email` varchar(255) NOT NULL,
  `subject` varchar(255) NOT NULL,
  `user_id` int DEFAULT NULL,
  `message` text NOT NULL,
  `status` enum('unread','read','responded') DEFAULT 'unread',
  `submitted_at` timestamp NULL DEFAULT CURRENT_TIMESTAMP,
  `responded_at` timestamp NULL DEFAULT NULL,
  PRIMARY KEY (`id`),
  KEY `user_id` (`user_id`),
  CONSTRAINT `contactmessages_ibfk_1` FOREIGN KEY (`user_id`) REFERENCES `users` (`user_id`)
) ENGINE=InnoDB DEFAULT CHARSET=utf8mb4 COLLATE=utf8mb4_0900_ai_ci;
/*!40101 SET character_set_client = @saved_cs_client */;

--
-- Dumping data for table `contactmessages`
--

LOCK TABLES `contactmessages` WRITE;
/*!40000 ALTER TABLE `contactmessages` DISABLE KEYS */;
/*!40000 ALTER TABLE `contactmessages` ENABLE KEYS */;
UNLOCK TABLES;

--
-- Table structure for table `electionpositions`
--

DROP TABLE IF EXISTS `electionpositions`;
/*!40101 SET @saved_cs_client     = @@character_set_client */;
/*!50503 SET character_set_client = utf8mb4 */;
CREATE TABLE `electionpositions` (
  `position_id` int NOT NULL AUTO_INCREMENT,
  `election_id` int NOT NULL,
  `college_id` int DEFAULT NULL,
  `name` varchar(100) NOT NULL,
  `is_vice` tinyint(1) DEFAULT '0',
  `description` text,
  `scope` enum('university','college','hostel') NOT NULL DEFAULT 'university',
  `created_at` timestamp NULL DEFAULT CURRENT_TIMESTAMP,
  `hostel_id` int DEFAULT NULL,
  PRIMARY KEY (`position_id`),
  KEY `fk_positions_hostel` (`hostel_id`),
  KEY `fk_positions_college` (`college_id`),
  KEY `fk_election_id` (`election_id`),
  CONSTRAINT `fk_election_id` FOREIGN KEY (`election_id`) REFERENCES `elections` (`election_id`) ON DELETE CASCADE ON UPDATE CASCADE,
  CONSTRAINT `fk_positions_college` FOREIGN KEY (`college_id`) REFERENCES `colleges` (`college_id`) ON DELETE SET NULL ON UPDATE CASCADE,
  CONSTRAINT `fk_positions_hostel` FOREIGN KEY (`hostel_id`) REFERENCES `hostels` (`hostel_id`) ON DELETE SET NULL ON UPDATE CASCADE
) ENGINE=InnoDB AUTO_INCREMENT=60 DEFAULT CHARSET=utf8mb4 COLLATE=utf8mb4_0900_ai_ci;
/*!40101 SET character_set_client = @saved_cs_client */;

--
-- Dumping data for table `electionpositions`
--

LOCK TABLES `electionpositions` WRITE;
/*!40000 ALTER TABLE `electionpositions` DISABLE KEYS */;
INSERT INTO `electionpositions` VALUES (1,1,NULL,'University President',0,'University-wide president (Federal Government)','university','2025-04-26 09:00:44',NULL),(2,1,1,'College Governor (CIVE)',0,'CIVE college-wide governor','college','2025-04-26 09:00:44',NULL),(3,1,1,'Member of Parliament (CIVE Block 1)',0,'Representative for Block 1','hostel','2025-04-26 09:00:44',1),(4,1,1,'Member of Parliament (CIVE Block 2)',0,'Representative for Block 2','hostel','2025-04-26 09:00:44',2),(5,1,1,'Member of Parliament (CIVE Block 3)',0,'Representative for Block 3','hostel','2025-04-26 09:00:44',3),(6,1,1,'Member of Parliament (CIVE Block 4)',0,'Representative for Block 4','hostel','2025-04-26 09:00:44',4),(7,1,1,'Member of Parliament (CIVE Block 5)',0,'Representative for Block 5','hostel','2025-04-26 09:00:44',5),(8,1,1,'Member of Parliament (CIVE Block 6)',0,'Representative for Block 6','hostel','2025-04-26 09:00:44',6),(9,1,2,'College Governor (CoED)',0,'CoED college-wide governor','college','2025-04-26 09:00:44',NULL),(10,1,2,'Member of Parliament (CoED Block 1)',0,'Representative for Block 1','hostel','2025-04-26 09:00:44',7),(11,1,2,'Member of Parliament (CoED Block 2)',0,'Representative for Block 2','hostel','2025-04-26 09:00:44',8),(12,1,2,'Member of Parliament (CoED Block 3)',0,'Representative for Block 3','hostel','2025-04-26 09:00:44',9),(13,1,2,'Member of Parliament (CoED Block 4)',0,'Representative for Block 4','hostel','2025-04-26 09:00:44',10),(14,1,2,'Member of Parliament (CoED Block 5)',0,'Representative for Block 5','hostel','2025-04-26 09:00:44',11),(15,1,2,'Member of Parliament (CoED Block 6)',0,'Representative for Block 6','hostel','2025-04-26 09:00:44',12),(16,1,2,'Member of Parliament (CoED Block 7)',0,'Representative for Block 7','hostel','2025-04-26 09:00:44',13),(17,1,2,'Member of Parliament (CoED Block 8)',0,'Representative for Block 8','hostel','2025-04-26 09:00:44',14),(18,1,2,'Member of Parliament (CoED Block 9)',0,'Representative for Block 9','hostel','2025-04-26 09:00:44',15),(19,1,2,'Member of Parliament (CoED Block 10)',0,'Representative for Block 10','hostel','2025-04-26 09:00:44',16),(20,1,2,'Member of Parliament (CoED Block 11)',0,'Representative for Block 11','hostel','2025-04-26 09:00:44',17),(21,1,2,'Member of Parliament (CoED Block 12)',0,'Representative for Block 12','hostel','2025-04-26 09:00:44',18),(22,1,2,'Member of Parliament (CoED Block 13)',0,'Representative for Block 13','hostel','2025-04-26 09:00:44',19),(23,1,2,'Member of Parliament (CoED Block 14)',0,'Representative for Block 14','hostel','2025-04-26 09:00:44',20),(24,1,2,'Member of Parliament (CoED Block 15)',0,'Representative for Block 15','hostel','2025-04-26 09:00:44',21),(25,1,2,'Member of Parliament (CoED Block 16)',0,'Representative for Block 16','hostel','2025-04-26 09:00:44',22),(26,1,2,'Member of Parliament (CoED Block 17)',0,'Representative for Block 17','hostel','2025-04-26 09:00:44',23),(27,1,2,'Member of Parliament (CoED Block 18)',0,'Representative for Block 18','hostel','2025-04-26 09:00:44',24),(28,1,2,'Member of Parliament (CoED Block 19)',0,'Representative for Block 19','hostel','2025-04-26 09:00:44',25),(29,1,2,'Member of Parliament (CoED Block 20)',0,'Representative for Block 20','hostel','2025-04-26 09:00:44',26),(30,1,3,'College Governor (CNMS)',0,'CNMS college-wide governor','college','2025-04-26 09:00:44',NULL),(31,1,3,'Member of Parliament (CNMS Block 1)',0,'Representative for Block 1','hostel','2025-04-26 09:00:44',27),(32,1,3,'Member of Parliament (CNMS Block 2)',0,'Representative for Block 2','hostel','2025-04-26 09:00:44',28),(33,1,3,'Member of Parliament (CNMS Block 3)',0,'Representative for Block 3','hostel','2025-04-26 09:00:44',29),(34,1,3,'Member of Parliament (CNMS Block 4)',0,'Representative for Block 4','hostel','2025-04-26 09:00:44',30),(35,1,3,'Member of Parliament (CNMS Block 5)',0,'Representative for Block 5','hostel','2025-04-26 09:00:44',31),(36,1,3,'Member of Parliament (CNMS Block 6)',0,'Representative for Block 6','hostel','2025-04-26 09:00:44',32),(37,1,3,'Member of Parliament (CNMS Block 7)',0,'Representative for Block 7','hostel','2025-04-26 09:00:44',33),(38,1,3,'Member of Parliament (CNMS Block 8)',0,'Representative for Block 8','hostel','2025-04-26 09:00:44',34),(39,1,3,'Member of Parliament (CNMS Block 9)',0,'Representative for Block 9','hostel','2025-04-26 09:00:44',35),(40,1,3,'Member of Parliament (CNMS Block 10)',0,'Representative for Block 10','hostel','2025-04-26 09:00:44',36),(41,1,3,'Member of Parliament (CNMS Block 11)',0,'Representative for Block 11','hostel','2025-04-26 09:00:44',37),(42,1,3,'Member of Parliament (CNMS Block 12)',0,'Representative for Block 12','hostel','2025-04-26 09:00:44',38),(43,1,3,'Member of Parliament (CNMS Block 13)',0,'Representative for Block 13','hostel','2025-04-26 09:00:44',39),(44,1,3,'Member of Parliament (CNMS Block 14)',0,'Representative for Block 14','hostel','2025-04-26 09:00:44',40),(45,2,NULL,'Chairperson',0,'University-wide Chairperson','university','2025-04-26 09:00:44',NULL),(46,2,NULL,'Vice Chairperson',1,'University-wide Vice Chairperson','university','2025-04-26 09:00:44',NULL),(47,2,NULL,'Secretary General',0,'University-wide Secretary General','university','2025-04-26 09:00:44',NULL),(48,2,NULL,'Deputy Secretary General',0,'University-wide Deputy Secretary General','university','2025-04-26 09:00:44',NULL),(49,2,NULL,'Treasurer',0,'University-wide Treasurer','university','2025-04-26 09:00:44',NULL),(50,2,1,'College Chairperson (CIVE)',0,'CIVE College Chairperson','college','2025-04-26 09:00:44',NULL),(51,2,1,'College Secretary (CIVE)',0,'CIVE College Secretary','college','2025-04-26 09:00:44',NULL),(52,2,2,'College Chairperson (CoED)',0,'CoED College Chairperson','college','2025-04-26 09:00:44',NULL),(53,2,2,'College Secretary (CoED)',0,'CoED College Secretary','college','2025-04-26 09:00:44',NULL),(54,2,3,'College Chairperson (CNMS)',0,'CNMS College Chairperson','college','2025-04-26 09:00:44',NULL),(55,2,3,'College Secretary (CNMS)',0,'CNMS College Secretary','college','2025-04-26 09:00:44',NULL),(56,1,NULL,'Vice President',1,'The university vice president','university','2025-05-18 06:35:53',NULL),(57,1,1,'Vice Governor',1,'The CIVE vice college governor','college','2025-05-18 06:37:21',NULL),(58,1,2,'Vice Governor',1,'The CoED vice college governor','college','2025-05-18 06:38:00',NULL),(59,1,3,'Vice Governor',1,'The CNMS vice college governor','college','2025-05-18 06:38:28',NULL);
/*!40000 ALTER TABLE `electionpositions` ENABLE KEYS */;
UNLOCK TABLES;

--
-- Table structure for table `electionresults`
--

DROP TABLE IF EXISTS `electionresults`;
/*!40101 SET @saved_cs_client     = @@character_set_client */;
/*!50503 SET character_set_client = utf8mb4 */;
CREATE TABLE `electionresults` (
  `result_id` int NOT NULL AUTO_INCREMENT,
  `election_id` int NOT NULL,
  `candidate_id` int NOT NULL,
  `position_id` int NOT NULL,
  `vote_count` int NOT NULL,
  `calculated_at` timestamp NULL DEFAULT CURRENT_TIMESTAMP,
  PRIMARY KEY (`result_id`),
  KEY `election_id` (`election_id`),
  KEY `position_id` (`position_id`),
  CONSTRAINT `electionresults_ibfk_1` FOREIGN KEY (`election_id`) REFERENCES `elections` (`election_id`),
  CONSTRAINT `electionresults_ibfk_2` FOREIGN KEY (`position_id`) REFERENCES `electionpositions` (`position_id`)
) ENGINE=InnoDB DEFAULT CHARSET=utf8mb4 COLLATE=utf8mb4_0900_ai_ci;
/*!40101 SET character_set_client = @saved_cs_client */;

--
-- Dumping data for table `electionresults`
--

LOCK TABLES `electionresults` WRITE;
/*!40000 ALTER TABLE `electionresults` DISABLE KEYS */;
/*!40000 ALTER TABLE `electionresults` ENABLE KEYS */;
UNLOCK TABLES;

--
-- Table structure for table `elections`
--

DROP TABLE IF EXISTS `elections`;
/*!40101 SET @saved_cs_client     = @@character_set_client */;
/*!50503 SET character_set_client = utf8mb4 */;
CREATE TABLE `elections` (
  `election_id` int NOT NULL AUTO_INCREMENT,
  `association` varchar(10) NOT NULL,
  `start_time` datetime NOT NULL,
  `end_time` datetime NOT NULL,
  `status` enum('upcoming','ongoing','completed') DEFAULT 'upcoming',
  `created_at` timestamp NULL DEFAULT CURRENT_TIMESTAMP,
  `title` varchar(500) DEFAULT NULL,
  `description` text,
  PRIMARY KEY (`election_id`)
) ENGINE=InnoDB AUTO_INCREMENT=3 DEFAULT CHARSET=utf8mb4 COLLATE=utf8mb4_0900_ai_ci;
/*!40101 SET character_set_client = @saved_cs_client */;

--
-- Dumping data for table `elections`
--

LOCK TABLES `elections` WRITE;
/*!40000 ALTER TABLE `elections` DISABLE KEYS */;
INSERT INTO `elections` VALUES (1,'UDOSO','2025-05-01 08:00:00','2025-08-01 08:00:00','ongoing','2025-04-26 08:56:12','Udoso election 2025/2026','UDOSO Election 2025 - University-wide and College-specific election'),(2,'UDOMASA','2025-05-01 08:00:00','2025-08-01 08:00:00','ongoing','2025-04-26 08:56:12','Udomasa election 2025/2026','UDOMASA Election 2025 - University-wide and College-specific election at the university of Dodoma');
/*!40000 ALTER TABLE `elections` ENABLE KEYS */;
UNLOCK TABLES;

--
-- Table structure for table `frauddetectionlogs`
--

DROP TABLE IF EXISTS `frauddetectionlogs`;
/*!40101 SET @saved_cs_client     = @@character_set_client */;
/*!50503 SET character_set_client = utf8mb4 */;
CREATE TABLE `frauddetectionlogs` (
  `id` int NOT NULL AUTO_INCREMENT,
  `user_id` int NOT NULL,
  `election_id` int DEFAULT NULL,
  `is_fraudulent` tinyint(1) DEFAULT NULL,
  `confidence` float DEFAULT NULL,
  `details` text,
  `ip_history` text,
  `vote_pattern` float DEFAULT NULL,
  `user_behavior` int DEFAULT NULL,
  `api_response` text,
  `description` text NOT NULL,
  `action` varchar(100) DEFAULT NULL,
  `created_at` timestamp NULL DEFAULT CURRENT_TIMESTAMP,
  `model_id` int DEFAULT NULL,
  `resolved` tinyint(1) DEFAULT '0',
  `time_diff` int DEFAULT NULL,
  `votes_per_user` int DEFAULT NULL,
  `session_duration` int DEFAULT NULL,
  `geo_location` int DEFAULT NULL,
  `device_fingerprint` varchar(255) DEFAULT NULL,
  PRIMARY KEY (`id`),
  KEY `election_id` (`election_id`),
  KEY `idx_frauddetectionlogs_user_id` (`user_id`),
  KEY `model_id` (`model_id`),
  CONSTRAINT `frauddetectionlogs_ibfk_1` FOREIGN KEY (`user_id`) REFERENCES `users` (`user_id`),
  CONSTRAINT `frauddetectionlogs_ibfk_2` FOREIGN KEY (`election_id`) REFERENCES `elections` (`election_id`),
  CONSTRAINT `frauddetectionlogs_ibfk_3` FOREIGN KEY (`user_id`) REFERENCES `users` (`user_id`),
  CONSTRAINT `frauddetectionlogs_ibfk_4` FOREIGN KEY (`model_id`) REFERENCES `neuralnetworkmodels` (`model_id`),
  CONSTRAINT `frauddetectionlogs_ibfk_5` FOREIGN KEY (`user_id`) REFERENCES `users` (`user_id`),
  CONSTRAINT `frauddetectionlogs_ibfk_6` FOREIGN KEY (`model_id`) REFERENCES `neuralnetworkmodels` (`model_id`)
) ENGINE=InnoDB DEFAULT CHARSET=utf8mb4 COLLATE=utf8mb4_0900_ai_ci;
/*!40101 SET character_set_client = @saved_cs_client */;

--
-- Dumping data for table `frauddetectionlogs`
--

LOCK TABLES `frauddetectionlogs` WRITE;
/*!40000 ALTER TABLE `frauddetectionlogs` DISABLE KEYS */;
/*!40000 ALTER TABLE `frauddetectionlogs` ENABLE KEYS */;
UNLOCK TABLES;

--
-- Table structure for table `hostels`
--

DROP TABLE IF EXISTS `hostels`;
/*!40101 SET @saved_cs_client     = @@character_set_client */;
/*!50503 SET character_set_client = utf8mb4 */;
CREATE TABLE `hostels` (
  `hostel_id` int NOT NULL AUTO_INCREMENT,
  `name` varchar(50) NOT NULL,
  `college_id` int DEFAULT NULL,
  PRIMARY KEY (`hostel_id`),
  KEY `college_id` (`college_id`),
  CONSTRAINT `hostels_ibfk_1` FOREIGN KEY (`college_id`) REFERENCES `colleges` (`college_id`)
) ENGINE=InnoDB AUTO_INCREMENT=41 DEFAULT CHARSET=utf8mb4 COLLATE=utf8mb4_0900_ai_ci;
/*!40101 SET character_set_client = @saved_cs_client */;

--
-- Dumping data for table `hostels`
--

LOCK TABLES `hostels` WRITE;
/*!40000 ALTER TABLE `hostels` DISABLE KEYS */;
INSERT INTO `hostels` VALUES (1,'Block 1',1),(2,'Block 2',1),(3,'Block 3',1),(4,'Block 4',1),(5,'Block 5',1),(6,'Block 6',1),(7,'Block 1',2),(8,'Block 2',2),(9,'Block 3',2),(10,'Block 4',2),(11,'Block 5',2),(12,'Block 6',2),(13,'Block 7',2),(14,'Block 8',2),(15,'Block 9',2),(16,'Block 10',2),(17,'Block 11',2),(18,'Block 12',2),(19,'Block 13',2),(20,'Block 14',2),(21,'Block 15',2),(22,'Block 16',2),(23,'Block 17',2),(24,'Block 18',2),(25,'Block 19',2),(26,'Block 20',2),(27,'Block 1',3),(28,'Block 2',3),(29,'Block 3',3),(30,'Block 4',3),(31,'Block 5',3),(32,'Block 6',3),(33,'Block 7',3),(34,'Block 8',3),(35,'Block 9',3),(36,'Block 10',3),(37,'Block 11',3),(38,'Block 12',3),(39,'Block 13',3),(40,'Block 14',3);
/*!40000 ALTER TABLE `hostels` ENABLE KEYS */;
UNLOCK TABLES;

--
-- Table structure for table `neuralnetworkmodels`
--

DROP TABLE IF EXISTS `neuralnetworkmodels`;
/*!40101 SET @saved_cs_client     = @@character_set_client */;
/*!50503 SET character_set_client = utf8mb4 */;
CREATE TABLE `neuralnetworkmodels` (
  `model_id` int NOT NULL AUTO_INCREMENT,
  `name` varchar(255) NOT NULL,
  `version` varchar(50) NOT NULL,
  `parameters` text,
  `accuracy` float DEFAULT NULL,
  `created_at` timestamp NULL DEFAULT CURRENT_TIMESTAMP,
  `updated_at` timestamp NULL DEFAULT NULL,
  `path` varchar(100) DEFAULT NULL,
  PRIMARY KEY (`model_id`),
  UNIQUE KEY `name` (`name`,`version`)
) ENGINE=InnoDB AUTO_INCREMENT=2 DEFAULT CHARSET=utf8mb4 COLLATE=utf8mb4_0900_ai_ci;
/*!40101 SET character_set_client = @saved_cs_client */;

--
-- Dumping data for table `neuralnetworkmodels`
--

LOCK TABLES `neuralnetworkmodels` WRITE;
/*!40000 ALTER TABLE `neuralnetworkmodels` DISABLE KEYS */;
INSERT INTO `neuralnetworkmodels` VALUES (1,'FraudNet','1.0',NULL,0.95,'2025-04-26 10:48:51',NULL,'./api/neuralnet/fraud_model.keras');
/*!40000 ALTER TABLE `neuralnetworkmodels` ENABLE KEYS */;
UNLOCK TABLES;

--
-- Table structure for table `notifications`
--

DROP TABLE IF EXISTS `notifications`;
/*!40101 SET @saved_cs_client     = @@character_set_client */;
/*!50503 SET character_set_client = utf8mb4 */;
CREATE TABLE `notifications` (
  `id` int NOT NULL AUTO_INCREMENT,
  `user_id` int DEFAULT NULL,
  `title` varchar(100) NOT NULL,
  `content` text NOT NULL,
  `type` enum('email','in_app') NOT NULL,
  `status` enum('sent','pending','failed') DEFAULT 'pending',
  `sent_at` timestamp NULL DEFAULT NULL,
  `created_at` timestamp NULL DEFAULT CURRENT_TIMESTAMP,
  PRIMARY KEY (`id`),
  KEY `user_id` (`user_id`),
  CONSTRAINT `notifications_ibfk_1` FOREIGN KEY (`user_id`) REFERENCES `users` (`user_id`)
) ENGINE=InnoDB AUTO_INCREMENT=3 DEFAULT CHARSET=utf8mb4 COLLATE=utf8mb4_0900_ai_ci;
/*!40101 SET character_set_client = @saved_cs_client */;

--
-- Dumping data for table `notifications`
--

LOCK TABLES `notifications` WRITE;
/*!40000 ALTER TABLE `notifications` DISABLE KEYS */;
INSERT INTO `notifications` VALUES (1,1,'UDOSO Election 2025/2026','This is for students&#039; government (federal and college leaders)','in_app','pending','2025-05-31 21:00:00','2025-04-21 07:54:00');
/*!40000 ALTER TABLE `notifications` ENABLE KEYS */;
UNLOCK TABLES;

--
-- Table structure for table `password_resets`
--

DROP TABLE IF EXISTS `password_resets`;
/*!40101 SET @saved_cs_client     = @@character_set_client */;
/*!50503 SET character_set_client = utf8mb4 */;
CREATE TABLE `password_resets` (
  `email` varchar(100) NOT NULL,
  `token` varchar(255) NOT NULL,
  `expires_at` datetime NOT NULL,
  `user_id` int NOT NULL,
  PRIMARY KEY (`token`),
  KEY `email` (`email`),
  KEY `fk_passwordreset_user` (`user_id`),
  CONSTRAINT `fk_passwordreset_user` FOREIGN KEY (`user_id`) REFERENCES `users` (`user_id`),
  CONSTRAINT `password_resets_ibfk_1` FOREIGN KEY (`email`) REFERENCES `users` (`email`) ON DELETE CASCADE
) ENGINE=InnoDB DEFAULT CHARSET=utf8mb4 COLLATE=utf8mb4_0900_ai_ci;
/*!40101 SET character_set_client = @saved_cs_client */;

--
-- Dumping data for table `password_resets`
--

LOCK TABLES `password_resets` WRITE;
/*!40000 ALTER TABLE `password_resets` DISABLE KEYS */;
/*!40000 ALTER TABLE `password_resets` ENABLE KEYS */;
UNLOCK TABLES;

--
-- Table structure for table `securitysettings`
--

DROP TABLE IF EXISTS `securitysettings`;
/*!40101 SET @saved_cs_client     = @@character_set_client */;
/*!50503 SET character_set_client = utf8mb4 */;
CREATE TABLE `securitysettings` (
  `id` int NOT NULL AUTO_INCREMENT,
  `nn_threshold` float NOT NULL DEFAULT '0.7' COMMENT 'Neural Network fraud detection threshold (0 to 1)',
  `contract_address` varchar(255) NOT NULL DEFAULT '' COMMENT 'Blockchain contract address',
  `contract_abi` text NOT NULL COMMENT 'Blockchain contract ABI in JSON format',
  `updated_at` timestamp NULL DEFAULT CURRENT_TIMESTAMP ON UPDATE CURRENT_TIMESTAMP,
  PRIMARY KEY (`id`)
) ENGINE=InnoDB AUTO_INCREMENT=2 DEFAULT CHARSET=utf8mb4 COLLATE=utf8mb4_0900_ai_ci;
/*!40101 SET character_set_client = @saved_cs_client */;

--
-- Dumping data for table `securitysettings`
--

LOCK TABLES `securitysettings` WRITE;
/*!40000 ALTER TABLE `securitysettings` DISABLE KEYS */;
INSERT INTO `securitysettings` VALUES (1,0.7,'0x7f37Ea78D22DA910e66F8FdC1640B75dc88fa44F','[{\"inputs\":[],\"stateMutability\":\"nonpayable\",\"type\":\"constructor\"},{\"anonymous\":false,\"inputs\":[{\"indexed\":false,\"internalType\":\"uint256\",\"name\":\"electionId\",\"type\":\"uint256\"},{\"indexed\":true,\"internalType\":\"address\",\"name\":\"voter\",\"type\":\"address\"},{\"indexed\":false,\"internalType\":\"uint256\",\"name\":\"positionId\",\"type\":\"uint256\"},{\"indexed\":false,\"internalType\":\"uint256\",\"name\":\"candidateId\",\"type\":\"uint256\"},{\"indexed\":false,\"internalType\":\"string\",\"name\":\"candidateName\",\"type\":\"string\"},{\"indexed\":false,\"internalType\":\"string\",\"name\":\"positionName\",\"type\":\"string\"}],\"name\":\"VoteCast\",\"type\":\"event\"},{\"inputs\":[],\"name\":\"admin\",\"outputs\":[{\"internalType\":\"address\",\"name\":\"\",\"type\":\"address\"}],\"stateMutability\":\"view\",\"type\":\"function\"},{\"inputs\":[{\"internalType\":\"uint256\",\"name\":\"electionId\",\"type\":\"uint256\"},{\"internalType\":\"uint256\",\"name\":\"positionId\",\"type\":\"uint256\"},{\"internalType\":\"uint256\",\"name\":\"candidateId\",\"type\":\"uint256\"},{\"internalType\":\"string\",\"name\":\"candidateName\",\"type\":\"string\"},{\"internalType\":\"string\",\"name\":\"positionName\",\"type\":\"string\"}],\"name\":\"castVote\",\"outputs\":[],\"stateMutability\":\"nonpayable\",\"type\":\"function\"},{\"inputs\":[{\"internalType\":\"uint256\",\"name\":\"positionId\",\"type\":\"uint256\"},{\"internalType\":\"uint256\",\"name\":\"candidateId\",\"type\":\"uint256\"}],\"name\":\"getVoteCount\",\"outputs\":[{\"internalType\":\"uint256\",\"name\":\"\",\"type\":\"uint256\"}],\"stateMutability\":\"view\",\"type\":\"function\"},{\"inputs\":[{\"internalType\":\"uint256\",\"name\":\"electionId\",\"type\":\"uint256\"}],\"name\":\"getVotesByElection\",\"outputs\":[{\"components\":[{\"internalType\":\"uint256\",\"name\":\"electionId\",\"type\":\"uint256\"},{\"internalType\":\"address\",\"name\":\"voter\",\"type\":\"address\"},{\"internalType\":\"uint256\",\"name\":\"positionId\",\"type\":\"uint256\"},{\"internalType\":\"uint256\",\"name\":\"candidateId\",\"type\":\"uint256\"},{\"internalType\":\"uint256\",\"name\":\"timestamp\",\"type\":\"uint256\"},{\"internalType\":\"string\",\"name\":\"candidateName\",\"type\":\"string\"},{\"internalType\":\"string\",\"name\":\"positionName\",\"type\":\"string\"}],\"internalType\":\"struct VoteContract.Vote[]\",\"name\":\"\",\"type\":\"tuple[]\"}],\"stateMutability\":\"view\",\"type\":\"function\"},{\"inputs\":[{\"internalType\":\"address\",\"name\":\"\",\"type\":\"address\"},{\"internalType\":\"uint256\",\"name\":\"\",\"type\":\"uint256\"},{\"internalType\":\"uint256\",\"name\":\"\",\"type\":\"uint256\"}],\"name\":\"hasVoted\",\"outputs\":[{\"internalType\":\"bool\",\"name\":\"\",\"type\":\"bool\"}],\"stateMutability\":\"view\",\"type\":\"function\"},{\"inputs\":[{\"internalType\":\"uint256\",\"name\":\"\",\"type\":\"uint256\"},{\"internalType\":\"uint256\",\"name\":\"\",\"type\":\"uint256\"}],\"name\":\"voteCount\",\"outputs\":[{\"internalType\":\"uint256\",\"name\":\"\",\"type\":\"uint256\"}],\"stateMutability\":\"view\",\"type\":\"function\"},{\"inputs\":[{\"internalType\":\"uint256\",\"name\":\"\",\"type\":\"uint256\"}],\"name\":\"votes\",\"outputs\":[{\"internalType\":\"uint256\",\"name\":\"electionId\",\"type\":\"uint256\"},{\"internalType\":\"address\",\"name\":\"voter\",\"type\":\"address\"},{\"internalType\":\"uint256\",\"name\":\"positionId\",\"type\":\"uint256\"},{\"internalType\":\"uint256\",\"name\":\"candidateId\",\"type\":\"uint256\"},{\"internalType\":\"uint256\",\"name\":\"timestamp\",\"type\":\"uint256\"},{\"internalType\":\"string\",\"name\":\"candidateName\",\"type\":\"string\"},{\"internalType\":\"string\",\"name\":\"positionName\",\"type\":\"string\"}],\"stateMutability\":\"view\",\"type\":\"function\"}]','2025-05-25 05:43:27');
/*!40000 ALTER TABLE `securitysettings` ENABLE KEYS */;
UNLOCK TABLES;

--
-- Table structure for table `sessions`
--

DROP TABLE IF EXISTS `sessions`;
/*!40101 SET @saved_cs_client     = @@character_set_client */;
/*!50503 SET character_set_client = utf8mb4 */;
CREATE TABLE `sessions` (
  `session_id` varchar(255) NOT NULL,
  `user_id` int NOT NULL,
  `session_token` varchar(255) NOT NULL,
  `ip_address` varchar(45) NOT NULL,
  `login_time` timestamp NULL DEFAULT CURRENT_TIMESTAMP,
  `last_activity` timestamp NULL DEFAULT CURRENT_TIMESTAMP,
  `start_time` datetime NOT NULL DEFAULT CURRENT_TIMESTAMP,
  `device_fingerprint` varchar(255) DEFAULT NULL,
  PRIMARY KEY (`session_id`),
  KEY `idx_sessions_user_id` (`user_id`),
  CONSTRAINT `fk_sessions_user` FOREIGN KEY (`user_id`) REFERENCES `users` (`user_id`),
  CONSTRAINT `sessions_ibfk_1` FOREIGN KEY (`user_id`) REFERENCES `users` (`user_id`)
) ENGINE=InnoDB DEFAULT CHARSET=utf8mb4 COLLATE=utf8mb4_0900_ai_ci;
/*!40101 SET character_set_client = @saved_cs_client */;

--
-- Dumping data for table `sessions`
--

LOCK TABLES `sessions` WRITE;
/*!40000 ALTER TABLE `sessions` DISABLE KEYS */;
INSERT INTO `sessions` VALUES ('0ctspmmb21ch7k14jjekeimgi1',4,'0ctspmmb21ch7k14jjekeimgi1','::1','2025-06-16 20:06:17','2025-06-16 20:06:17','2025-06-16 23:06:17','Mozilla/5.0 (Windows NT 10.0; Win64; x64) AppleWebKit/537.36 (KHTML, like Gecko) Chrome/137.0.0.0 Safari/537.36'),('0e5dejqgsb5v0srda9e8s8a0k3',4,'0e5dejqgsb5v0srda9e8s8a0k3','::1','2025-06-17 05:56:32','2025-06-17 05:56:32','2025-06-17 08:56:32','Mozilla/5.0 (Windows NT 10.0; Win64; x64) AppleWebKit/537.36 (KHTML, like Gecko) Chrome/137.0.0.0 Safari/537.36'),('2afqhfjcctjnqoc4nra0m18j5d',4,'2afqhfjcctjnqoc4nra0m18j5d','::1','2025-06-17 12:30:55','2025-06-17 12:30:55','2025-06-17 15:30:55','Mozilla/5.0 (Windows NT 10.0; Win64; x64) AppleWebKit/537.36 (KHTML, like Gecko) Chrome/137.0.0.0 Safari/537.36'),('2cdujp3hgu6rn15n62d6e6to7p',4,'2cdujp3hgu6rn15n62d6e6to7p','::1','2025-06-17 12:35:57','2025-06-17 12:35:57','2025-06-17 15:35:57','Mozilla/5.0 (Windows NT 10.0; Win64; x64) AppleWebKit/537.36 (KHTML, like Gecko) Chrome/137.0.0.0 Safari/537.36'),('2dleqtgjsipbbm2mff7vs5rhhs',4,'2dleqtgjsipbbm2mff7vs5rhhs','::1','2025-06-16 15:44:50','2025-06-16 15:44:50','2025-06-16 18:44:50','Mozilla/5.0 (Windows NT 10.0; Win64; x64) AppleWebKit/537.36 (KHTML, like Gecko) Chrome/137.0.0.0 Safari/537.36'),('2f9eu4vmd2satjsva5rc1t5svs',5,'2f9eu4vmd2satjsva5rc1t5svs','::1','2025-06-16 20:57:36','2025-06-16 20:57:36','2025-06-16 23:57:36','Mozilla/5.0 (Windows NT 10.0; Win64; x64) AppleWebKit/537.36 (KHTML, like Gecko) Chrome/137.0.0.0 Safari/537.36'),('3go4blgla6ie37jj94ljsv454v',4,'3go4blgla6ie37jj94ljsv454v','::1','2025-06-14 12:16:14','2025-06-14 12:16:14','2025-06-14 15:16:14','Mozilla/5.0 (Windows NT 10.0; Win64; x64) AppleWebKit/537.36 (KHTML, like Gecko) Chrome/137.0.0.0 Safari/537.36'),('3uqvts111e9vq21fjhbcqt37h1',6,'3uqvts111e9vq21fjhbcqt37h1','::1','2025-06-17 06:56:09','2025-06-17 06:56:09','2025-06-17 09:56:09','Mozilla/5.0 (Windows NT 10.0; Win64; x64) AppleWebKit/537.36 (KHTML, like Gecko) Chrome/137.0.0.0 Safari/537.36'),('52mjl0lhepg184lv9oa23ncsbd',5,'52mjl0lhepg184lv9oa23ncsbd','::1','2025-06-05 06:12:27','2025-06-05 06:12:27','2025-06-05 09:12:27','Mozilla/5.0 (Windows NT 10.0; Win64; x64) AppleWebKit/537.36 (KHTML, like Gecko) Chrome/137.0.0.0 Safari/537.36'),('55ud9rke09mdatjirg4gmersg1',10,'55ud9rke09mdatjirg4gmersg1','::1','2025-06-17 12:21:45','2025-06-17 12:21:45','2025-06-17 15:21:45','Mozilla/5.0 (Windows NT 10.0; Win64; x64) AppleWebKit/537.36 (KHTML, like Gecko) Chrome/137.0.0.0 Safari/537.36'),('5t28s0u5uvtmkpiaukjhq13ue3',428,'5t28s0u5uvtmkpiaukjhq13ue3','::1','2025-06-16 05:43:16','2025-06-16 05:43:16','2025-06-16 08:43:16','Mozilla/5.0 (Windows NT 10.0; Win64; x64) AppleWebKit/537.36 (KHTML, like Gecko) Chrome/137.0.0.0 Safari/537.36'),('6a2bbltp6993k37houfk1tauo2',6,'6a2bbltp6993k37houfk1tauo2','::1','2025-06-17 06:45:41','2025-06-17 06:45:41','2025-06-17 09:45:41','Mozilla/5.0 (Windows NT 10.0; Win64; x64) AppleWebKit/537.36 (KHTML, like Gecko) Chrome/137.0.0.0 Safari/537.36'),('6pugpoetu3614hvn9onddfffe2',4,'6pugpoetu3614hvn9onddfffe2','::1','2025-06-16 18:24:17','2025-06-16 18:24:17','2025-06-16 21:24:17','Mozilla/5.0 (Windows NT 10.0; Win64; x64) AppleWebKit/537.36 (KHTML, like Gecko) Chrome/137.0.0.0 Safari/537.36'),('7g0ncajs5c1ui9jkkg3hqdrrf6',4,'7g0ncajs5c1ui9jkkg3hqdrrf6','::1','2025-06-05 21:15:04','2025-06-05 21:15:04','2025-06-06 00:15:04','Mozilla/5.0 (Windows NT 10.0; Win64; x64) AppleWebKit/537.36 (KHTML, like Gecko) Chrome/137.0.0.0 Safari/537.36'),('7r0883rcjvft4osh30ak1djlds',307,'7r0883rcjvft4osh30ak1djlds','::1','2025-06-16 15:58:27','2025-06-16 15:58:27','2025-06-16 18:58:27','Mozilla/5.0 (Windows NT 10.0; Win64; x64) AppleWebKit/537.36 (KHTML, like Gecko) Chrome/137.0.0.0 Safari/537.36'),('84pojhc35s9ics1n6ef0v3k6tp',308,'84pojhc35s9ics1n6ef0v3k6tp','::1','2025-06-16 12:41:36','2025-06-16 12:41:36','2025-06-16 15:41:36','Mozilla/5.0 (Windows NT 10.0; Win64; x64) AppleWebKit/537.36 (KHTML, like Gecko) Chrome/137.0.0.0 Safari/537.36'),('8lnmo4lf46luo97kral0b0kllr',427,'8lnmo4lf46luo97kral0b0kllr','::1','2025-06-05 21:46:31','2025-06-05 21:46:31','2025-06-06 00:46:31','Mozilla/5.0 (Windows NT 10.0; Win64; x64) AppleWebKit/537.36 (KHTML, like Gecko) Chrome/137.0.0.0 Safari/537.36'),('8rvsdtauroet8kohf9ah6il78m',4,'8rvsdtauroet8kohf9ah6il78m','::1','2025-06-16 15:55:12','2025-06-16 15:55:12','2025-06-16 18:55:12','Mozilla/5.0 (Windows NT 10.0; Win64; x64) AppleWebKit/537.36 (KHTML, like Gecko) Chrome/137.0.0.0 Safari/537.36'),('943ppmufjgd1qe9m022m1omgfm',7,'943ppmufjgd1qe9m022m1omgfm','::1','2025-06-11 16:43:09','2025-06-11 16:43:09','2025-06-11 19:43:09','Mozilla/5.0 (Windows NT 10.0; Win64; x64) AppleWebKit/537.36 (KHTML, like Gecko) Chrome/137.0.0.0 Safari/537.36'),('9fo4bsks7pva69q3m87bu84dgv',4,'9fo4bsks7pva69q3m87bu84dgv','::1','2025-06-10 20:18:00','2025-06-10 20:18:00','2025-06-10 23:18:00','Mozilla/5.0 (Windows NT 10.0; Win64; x64) AppleWebKit/537.36 (KHTML, like Gecko) Chrome/137.0.0.0 Safari/537.36'),('9oc877vfavdf7360q29vlkifjs',8,'9oc877vfavdf7360q29vlkifjs','::1','2025-06-17 12:51:32','2025-06-17 12:51:32','2025-06-17 15:51:32','Mozilla/5.0 (Windows NT 10.0; Win64; x64) AppleWebKit/537.36 (KHTML, like Gecko) Chrome/137.0.0.0 Safari/537.36'),('9qrcbo2fdul61ha0fhb50ci1ol',10,'9qrcbo2fdul61ha0fhb50ci1ol','::1','2025-06-17 12:27:39','2025-06-17 12:27:39','2025-06-17 15:27:39','Mozilla/5.0 (Windows NT 10.0; Win64; x64) AppleWebKit/537.36 (KHTML, like Gecko) Chrome/137.0.0.0 Safari/537.36'),('9simrp88tp7g0e5h5gg7u80gfm',4,'9simrp88tp7g0e5h5gg7u80gfm','::1','2025-06-16 20:08:43','2025-06-16 20:08:43','2025-06-16 23:08:43','Mozilla/5.0 (Windows NT 10.0; Win64; x64) AppleWebKit/537.36 (KHTML, like Gecko) Chrome/137.0.0.0 Safari/537.36'),('at93s410gr5h7d6j8c954cl5ac',9,'at93s410gr5h7d6j8c954cl5ac','::1','2025-06-06 05:49:51','2025-06-06 05:49:51','2025-06-06 08:49:51','Mozilla/5.0 (Windows NT 10.0; Win64; x64) AppleWebKit/537.36 (KHTML, like Gecko) Chrome/137.0.0.0 Safari/537.36'),('b3pb2a4g0urd2hauc2ghd3uobt',430,'b3pb2a4g0urd2hauc2ghd3uobt','::1','2025-06-05 21:56:43','2025-06-05 21:56:43','2025-06-06 00:56:43','Mozilla/5.0 (Windows NT 10.0; Win64; x64) AppleWebKit/537.36 (KHTML, like Gecko) Chrome/137.0.0.0 Safari/537.36'),('bfud39c7k234ih14g0kjg7rgtk',430,'bfud39c7k234ih14g0kjg7rgtk','::1','2025-06-15 06:02:49','2025-06-15 06:02:49','2025-06-15 09:02:49','Mozilla/5.0 (Windows NT 10.0; Win64; x64) AppleWebKit/537.36 (KHTML, like Gecko) Chrome/137.0.0.0 Safari/537.36'),('c5ataqqqtbs4hgak2b18spcv0p',5,'c5ataqqqtbs4hgak2b18spcv0p','::1','2025-06-05 05:10:58','2025-06-05 05:10:58','2025-06-05 08:10:58','Mozilla/5.0 (Windows NT 10.0; Win64; x64) AppleWebKit/537.36 (KHTML, like Gecko) Chrome/137.0.0.0 Safari/537.36'),('c883ip1a4auog07qtl5nvl55qt',8,'c883ip1a4auog07qtl5nvl55qt','::1','2025-06-17 12:59:32','2025-06-17 12:59:32','2025-06-17 15:59:32','Mozilla/5.0 (Windows NT 10.0; Win64; x64) AppleWebKit/537.36 (KHTML, like Gecko) Chrome/137.0.0.0 Safari/537.36'),('caoehrfbhtropl3mmblu4nf3ui',5,'caoehrfbhtropl3mmblu4nf3ui','::1','2025-06-02 08:21:47','2025-06-02 08:21:47','2025-06-02 11:21:47','Mozilla/5.0 (Windows NT 10.0; Win64; x64) AppleWebKit/537.36 (KHTML, like Gecko) Chrome/136.0.0.0 Safari/537.36'),('cdrao423vushf8n5k1kdiuhsqv',5,'cdrao423vushf8n5k1kdiuhsqv','::1','2025-06-05 05:54:17','2025-06-05 05:54:17','2025-06-05 08:54:17','Mozilla/5.0 (Windows NT 10.0; Win64; x64) AppleWebKit/537.36 (KHTML, like Gecko) Chrome/137.0.0.0 Safari/537.36'),('cjlbufdt1v5rpjvedb7nmi3usi',5,'cjlbufdt1v5rpjvedb7nmi3usi','::1','2025-06-16 20:14:10','2025-06-16 20:14:10','2025-06-16 23:14:10','Mozilla/5.0 (Windows NT 10.0; Win64; x64) AppleWebKit/537.36 (KHTML, like Gecko) Chrome/137.0.0.0 Safari/537.36'),('cq62hhfur5tm8dvdrtc9boa2la',5,'cq62hhfur5tm8dvdrtc9boa2la','::1','2025-06-16 20:12:19','2025-06-16 20:12:19','2025-06-16 23:12:19','Mozilla/5.0 (Windows NT 10.0; Win64; x64) AppleWebKit/537.36 (KHTML, like Gecko) Chrome/137.0.0.0 Safari/537.36'),('csqc9nb3asl7kbu7ishp796o92',5,'csqc9nb3asl7kbu7ishp796o92','::1','2025-06-16 20:21:26','2025-06-16 20:21:26','2025-06-16 23:21:26','Mozilla/5.0 (Windows NT 10.0; Win64; x64) AppleWebKit/537.36 (KHTML, like Gecko) Chrome/137.0.0.0 Safari/537.36'),('d2i4je5kitjn1b1fjffdh0vieh',4,'d2i4je5kitjn1b1fjffdh0vieh','::1','2025-06-06 16:47:38','2025-06-06 16:47:38','2025-06-06 19:47:38','Mozilla/5.0 (Windows NT 10.0; Win64; x64) AppleWebKit/537.36 (KHTML, like Gecko) Chrome/137.0.0.0 Safari/537.36'),('debeg9v0vj2lhr7ivsc9issqo0',7,'debeg9v0vj2lhr7ivsc9issqo0','::1','2025-06-11 17:30:17','2025-06-11 17:30:17','2025-06-11 20:30:17','Mozilla/5.0 (Windows NT 10.0; Win64; x64) AppleWebKit/537.36 (KHTML, like Gecko) Chrome/137.0.0.0 Safari/537.36'),('dj4ct35945o2k0qjq12q4qftno',428,'dj4ct35945o2k0qjq12q4qftno','::1','2025-06-05 21:54:45','2025-06-05 21:54:45','2025-06-06 00:54:45','Mozilla/5.0 (Windows NT 10.0; Win64; x64) AppleWebKit/537.36 (KHTML, like Gecko) Chrome/137.0.0.0 Safari/537.36'),('doegtbgu24qvlu2ifj29sq22pm',4,'doegtbgu24qvlu2ifj29sq22pm','::1','2025-06-05 21:20:48','2025-06-05 21:20:48','2025-06-06 00:20:48','Mozilla/5.0 (Windows NT 10.0; Win64; x64) AppleWebKit/537.36 (KHTML, like Gecko) Chrome/137.0.0.0 Safari/537.36'),('f5lt49q9p5nv3h2mp2sfp99pqf',4,'f5lt49q9p5nv3h2mp2sfp99pqf','::1','2025-05-31 08:25:33','2025-05-31 08:25:33','2025-05-31 11:25:33','Mozilla/5.0 (Windows NT 10.0; Win64; x64) AppleWebKit/537.36 (KHTML, like Gecko) Chrome/136.0.0.0 Safari/537.36'),('f89v045vv8adi6b0nvresvq2lc',4,'f89v045vv8adi6b0nvresvq2lc','::1','2025-06-07 19:57:06','2025-06-07 19:57:06','2025-06-07 22:57:06','Mozilla/5.0 (Windows NT 10.0; Win64; x64) AppleWebKit/537.36 (KHTML, like Gecko) Chrome/137.0.0.0 Safari/537.36'),('fijgktdv7mj1o59su0rbdfl97d',4,'fijgktdv7mj1o59su0rbdfl97d','::1','2025-06-12 09:44:53','2025-06-12 09:44:53','2025-06-12 12:44:53','Mozilla/5.0 (Windows NT 10.0; Win64; x64) AppleWebKit/537.36 (KHTML, like Gecko) Chrome/137.0.0.0 Safari/537.36'),('g7ekvcn129k8m2ovp3fcjkoui7',5,'g7ekvcn129k8m2ovp3fcjkoui7','::1','2025-06-05 18:23:56','2025-06-05 18:23:56','2025-06-05 21:23:56','Mozilla/5.0 (Windows NT 10.0; Win64; x64) AppleWebKit/537.36 (KHTML, like Gecko) Chrome/137.0.0.0 Safari/537.36'),('gervp029lek53h568hfc03n2kr',427,'gervp029lek53h568hfc03n2kr','::1','2025-06-14 07:07:26','2025-06-14 07:07:26','2025-06-14 10:07:26','Mozilla/5.0 (Windows NT 10.0; Win64; x64) AppleWebKit/537.36 (KHTML, like Gecko) Chrome/137.0.0.0 Safari/537.36'),('hdmpou6r4chq5d37tdr4pf8rfi',5,'hdmpou6r4chq5d37tdr4pf8rfi','::1','2025-06-12 08:53:33','2025-06-12 08:53:33','2025-06-12 11:53:33','Mozilla/5.0 (Windows NT 10.0; Win64; x64) AppleWebKit/537.36 (KHTML, like Gecko) Chrome/137.0.0.0 Safari/537.36'),('iln6s5ibqdp6ugl5tihqmfsmsa',430,'iln6s5ibqdp6ugl5tihqmfsmsa','::1','2025-06-14 05:06:55','2025-06-14 05:06:55','2025-06-14 08:06:55','Mozilla/5.0 (Windows NT 10.0; Win64; x64) AppleWebKit/537.36 (KHTML, like Gecko) Chrome/137.0.0.0 Safari/537.36'),('iu10pl4dl2lur6oauipvor4enf',427,'iu10pl4dl2lur6oauipvor4enf','::1','2025-06-14 08:40:10','2025-06-14 08:40:10','2025-06-14 11:40:10','Mozilla/5.0 (Windows NT 10.0; Win64; x64) AppleWebKit/537.36 (KHTML, like Gecko) Chrome/137.0.0.0 Safari/537.36'),('juj0sn5aqq5f00u61jvjful0ms',4,'juj0sn5aqq5f00u61jvjful0ms','::1','2025-06-08 06:55:05','2025-06-08 06:55:05','2025-06-08 09:55:05','Mozilla/5.0 (Windows NT 10.0; Win64; x64) AppleWebKit/537.36 (KHTML, like Gecko) Chrome/137.0.0.0 Safari/537.36'),('lu33q6gs83oeffql7vo1jtemnq',4,'lu33q6gs83oeffql7vo1jtemnq','::1','2025-06-16 09:12:30','2025-06-16 09:12:30','2025-06-16 12:12:30','Mozilla/5.0 (Windows NT 10.0; Win64; x64) AppleWebKit/537.36 (KHTML, like Gecko) Chrome/137.0.0.0 Safari/537.36'),('n1330ev0oqqcqgk54gmt80a52r',426,'n1330ev0oqqcqgk54gmt80a52r','::1','2025-06-12 10:44:11','2025-06-12 10:44:11','2025-06-12 13:44:11','Mozilla/5.0 (Windows NT 10.0; Win64; x64) AppleWebKit/537.36 (KHTML, like Gecko) Chrome/137.0.0.0 Safari/537.36'),('nvgrqqm0u95f9mgkajsv9ie5om',137,'nvgrqqm0u95f9mgkajsv9ie5om','::1','2025-06-16 14:07:41','2025-06-16 14:07:41','2025-06-16 17:07:41','Mozilla/5.0 (Windows NT 10.0; Win64; x64) AppleWebKit/537.36 (KHTML, like Gecko) Chrome/137.0.0.0 Safari/537.36'),('pgufnlrkk5hopgcn6u4ukgnqro',8,'pgufnlrkk5hopgcn6u4ukgnqro','::1','2025-06-19 07:45:10','2025-06-19 07:45:10','2025-06-19 10:45:10','Mozilla/5.0 (Windows NT 10.0; Win64; x64) AppleWebKit/537.36 (KHTML, like Gecko) Chrome/137.0.0.0 Safari/537.36'),('pu50n3v167tqbc2b5nulgfetcb',9,'pu50n3v167tqbc2b5nulgfetcb','::1','2025-06-19 07:49:54','2025-06-19 07:49:54','2025-06-19 10:49:54','Mozilla/5.0 (Windows NT 10.0; Win64; x64) AppleWebKit/537.36 (KHTML, like Gecko) Chrome/137.0.0.0 Safari/537.36'),('q3c6r9gi5ceqe97liafjg43mp5',5,'q3c6r9gi5ceqe97liafjg43mp5','::1','2025-06-12 15:01:29','2025-06-12 15:01:29','2025-06-12 18:01:29','Mozilla/5.0 (Windows NT 10.0; Win64; x64) AppleWebKit/537.36 (KHTML, like Gecko) Chrome/137.0.0.0 Safari/537.36'),('q47tlrrcthbfmaf91emo6lv6cl',5,'q47tlrrcthbfmaf91emo6lv6cl','::1','2025-06-17 06:19:21','2025-06-17 06:19:21','2025-06-17 09:19:21','Mozilla/5.0 (Windows NT 10.0; Win64; x64) AppleWebKit/537.36 (KHTML, like Gecko) Chrome/137.0.0.0 Safari/537.36'),('q4e2tat0ie59h1rp6t753n3dv2',5,'q4e2tat0ie59h1rp6t753n3dv2','::1','2025-06-16 20:26:13','2025-06-16 20:26:13','2025-06-16 23:26:13','Mozilla/5.0 (Windows NT 10.0; Win64; x64) AppleWebKit/537.36 (KHTML, like Gecko) Chrome/137.0.0.0 Safari/537.36'),('ql5lfhib3bsji3snsdh7gob10u',5,'ql5lfhib3bsji3snsdh7gob10u','::1','2025-06-02 05:28:53','2025-06-02 05:28:53','2025-06-02 08:28:53','Mozilla/5.0 (Windows NT 10.0; Win64; x64) AppleWebKit/537.36 (KHTML, like Gecko) Chrome/136.0.0.0 Safari/537.36'),('qtf8qf3omnjvl066b57as9hdb5',4,'qtf8qf3omnjvl066b57as9hdb5','::1','2025-06-16 09:45:41','2025-06-16 09:45:41','2025-06-16 12:45:41','Mozilla/5.0 (Windows NT 10.0; Win64; x64) AppleWebKit/537.36 (KHTML, like Gecko) Chrome/137.0.0.0 Safari/537.36'),('r1888ef1ob56ndtdf2gb7m58bf',5,'r1888ef1ob56ndtdf2gb7m58bf','::1','2025-06-16 20:28:43','2025-06-16 20:28:43','2025-06-16 23:28:43','Mozilla/5.0 (Windows NT 10.0; Win64; x64) AppleWebKit/537.36 (KHTML, like Gecko) Chrome/137.0.0.0 Safari/537.36'),('r6q6kk1dflq3m765tkap1kh0n7',430,'r6q6kk1dflq3m765tkap1kh0n7','::1','2025-06-17 10:02:56','2025-06-17 10:02:56','2025-06-17 13:02:56','Mozilla/5.0 (Windows NT 10.0; Win64; x64) AppleWebKit/537.36 (KHTML, like Gecko) Chrome/137.0.0.0 Safari/537.36'),('s7bj1ep6cj02o6be9hjsb8tsv5',4,'s7bj1ep6cj02o6be9hjsb8tsv5','::1','2025-06-14 11:16:26','2025-06-14 11:16:26','2025-06-14 14:16:26','Mozilla/5.0 (Windows NT 10.0; Win64; x64) AppleWebKit/537.36 (KHTML, like Gecko) Chrome/137.0.0.0 Safari/537.36'),('t1r602qnaijgs6q896kgu48jps',5,'t1r602qnaijgs6q896kgu48jps','::1','2025-06-05 06:56:02','2025-06-05 06:56:02','2025-06-05 09:56:02','Mozilla/5.0 (Windows NT 10.0; Win64; x64) AppleWebKit/537.36 (KHTML, like Gecko) Chrome/137.0.0.0 Safari/537.36'),('uk794ogdi8qe8ldso1gpbrkuer',6,'uk794ogdi8qe8ldso1gpbrkuer','::1','2025-06-17 02:32:58','2025-06-17 02:32:58','2025-06-17 05:32:58','Mozilla/5.0 (Windows NT 10.0; Win64; x64) AppleWebKit/537.36 (KHTML, like Gecko) Chrome/137.0.0.0 Safari/537.36'),('vpvhfp5p057bjnnj3m6peo8sml',5,'vpvhfp5p057bjnnj3m6peo8sml','::1','2025-06-14 11:24:13','2025-06-14 11:24:13','2025-06-14 14:24:13','Mozilla/5.0 (Windows NT 10.0; Win64; x64) AppleWebKit/537.36 (KHTML, like Gecko) Chrome/137.0.0.0 Safari/537.36'),('vq1cceeloi4p8or9d1piq683hk',5,'vq1cceeloi4p8or9d1piq683hk','::1','2025-06-04 20:14:40','2025-06-04 20:14:40','2025-06-04 23:14:40','Mozilla/5.0 (Windows NT 10.0; Win64; x64) AppleWebKit/537.36 (KHTML, like Gecko) Chrome/137.0.0.0 Safari/537.36'),('vsum5jk8jkvnfbhpv5g1h3n4n7',4,'vsum5jk8jkvnfbhpv5g1h3n4n7','::1','2025-06-07 07:44:20','2025-06-07 07:44:20','2025-06-07 10:44:20','Mozilla/5.0 (Windows NT 10.0; Win64; x64) AppleWebKit/537.36 (KHTML, like Gecko) Chrome/137.0.0.0 Safari/537.36');
/*!40000 ALTER TABLE `sessions` ENABLE KEYS */;
UNLOCK TABLES;

--
-- Table structure for table `user_activity`
--

DROP TABLE IF EXISTS `user_activity`;
/*!40101 SET @saved_cs_client     = @@character_set_client */;
/*!50503 SET character_set_client = utf8mb4 */;
CREATE TABLE `user_activity` (
  `activity_id` int NOT NULL AUTO_INCREMENT,
  `user_id` int DEFAULT NULL,
  `action` varchar(50) DEFAULT NULL,
  `timestamp` datetime DEFAULT CURRENT_TIMESTAMP,
  PRIMARY KEY (`activity_id`),
  KEY `user_id` (`user_id`),
  CONSTRAINT `user_activity_ibfk_1` FOREIGN KEY (`user_id`) REFERENCES `users` (`user_id`)
) ENGINE=InnoDB AUTO_INCREMENT=63 DEFAULT CHARSET=utf8mb4 COLLATE=utf8mb4_0900_ai_ci;
/*!40101 SET character_set_client = @saved_cs_client */;

--
-- Dumping data for table `user_activity`
--

LOCK TABLES `user_activity` WRITE;
/*!40000 ALTER TABLE `user_activity` DISABLE KEYS */;
INSERT INTO `user_activity` VALUES (1,4,'login','2025-06-08 09:55:05'),(2,4,'login','2025-06-10 23:18:00'),(3,7,'login','2025-06-11 19:43:09'),(4,7,'login','2025-06-11 20:30:17'),(5,5,'login','2025-06-12 11:53:33'),(6,4,'login','2025-06-12 12:44:53'),(7,426,'login','2025-06-12 13:44:11'),(8,5,'login','2025-06-12 18:01:29'),(9,430,'login','2025-06-14 08:06:55'),(10,427,'login','2025-06-14 10:07:26'),(11,427,'login','2025-06-14 11:40:10'),(12,4,'login','2025-06-14 14:16:26'),(13,5,'login','2025-06-14 14:24:13'),(14,4,'login','2025-06-14 15:16:14'),(15,430,'login','2025-06-15 09:02:49'),(16,428,'login','2025-06-16 08:43:16'),(17,428,'vote_attempt','2025-06-16 09:20:49'),(18,4,'login','2025-06-16 12:12:30'),(19,4,'login','2025-06-16 12:45:41'),(20,308,'login','2025-06-16 15:41:36'),(21,137,'login','2025-06-16 17:07:41'),(22,4,'login','2025-06-16 18:44:50'),(23,4,'login','2025-06-16 18:55:12'),(24,307,'login','2025-06-16 18:58:27'),(25,4,'login','2025-06-16 21:24:17'),(26,4,'login','2025-06-16 23:06:17'),(27,4,'login','2025-06-16 23:08:43'),(28,5,'login','2025-06-16 23:12:19'),(29,5,'login','2025-06-16 23:14:10'),(30,5,'login','2025-06-16 23:21:26'),(31,5,'login','2025-06-16 23:26:13'),(32,5,'login','2025-06-16 23:28:43'),(33,5,'login','2025-06-16 23:57:36'),(34,6,'login','2025-06-17 05:32:58'),(35,4,'login','2025-06-17 08:56:32'),(36,5,'login','2025-06-17 09:19:21'),(37,5,'vote_attempt','2025-06-17 09:21:14'),(38,6,'login','2025-06-17 09:45:41'),(39,6,'vote_attempt','2025-06-17 09:46:26'),(40,6,'vote_cast','2025-06-17 09:46:26'),(41,6,'vote_attempt','2025-06-17 09:47:26'),(42,6,'vote_cast','2025-06-17 09:47:26'),(43,6,'vote_attempt','2025-06-17 09:48:07'),(44,6,'vote_cast','2025-06-17 09:48:07'),(45,6,'login','2025-06-17 09:56:09'),(46,430,'login','2025-06-17 13:02:56'),(47,10,'login','2025-06-17 15:21:45'),(48,10,'login','2025-06-17 15:27:39'),(49,4,'login','2025-06-17 15:30:55'),(50,4,'login','2025-06-17 15:35:57'),(51,8,'login','2025-06-17 15:51:32'),(52,8,'login','2025-06-17 15:59:32'),(53,8,'vote_attempt','2025-06-17 16:01:09'),(54,8,'vote_cast','2025-06-17 16:01:09'),(55,8,'vote_attempt','2025-06-17 16:02:29'),(56,8,'vote_cast','2025-06-17 16:02:29'),(57,8,'vote_attempt','2025-06-17 16:03:38'),(58,8,'vote_cast','2025-06-17 16:03:38'),(59,8,'login','2025-06-19 10:45:10'),(60,9,'login','2025-06-19 10:49:54'),(61,9,'vote_attempt','2025-06-19 10:59:41'),(62,9,'vote_cast','2025-06-19 10:59:41');
/*!40000 ALTER TABLE `user_activity` ENABLE KEYS */;
UNLOCK TABLES;

--
-- Table structure for table `user_votes`
--

DROP TABLE IF EXISTS `user_votes`;
/*!40101 SET @saved_cs_client     = @@character_set_client */;
/*!50503 SET character_set_client = utf8mb4 */;
CREATE TABLE `user_votes` (
  `user_id` int NOT NULL,
  `election_id` int NOT NULL,
  `position_id` int NOT NULL,
  `candidate_id` int NOT NULL,
  `voted_at` datetime NOT NULL,
  PRIMARY KEY (`user_id`,`election_id`,`position_id`),
  KEY `election_id` (`election_id`),
  KEY `position_id` (`position_id`),
  KEY `candidate_id` (`candidate_id`),
  CONSTRAINT `user_votes_ibfk_1` FOREIGN KEY (`user_id`) REFERENCES `users` (`user_id`) ON DELETE CASCADE,
  CONSTRAINT `user_votes_ibfk_2` FOREIGN KEY (`election_id`) REFERENCES `elections` (`election_id`) ON DELETE CASCADE,
  CONSTRAINT `user_votes_ibfk_3` FOREIGN KEY (`position_id`) REFERENCES `electionpositions` (`position_id`) ON DELETE CASCADE,
  CONSTRAINT `user_votes_ibfk_4` FOREIGN KEY (`candidate_id`) REFERENCES `candidates` (`id`) ON DELETE CASCADE
) ENGINE=InnoDB DEFAULT CHARSET=utf8mb4 COLLATE=utf8mb4_0900_ai_ci;
/*!40101 SET character_set_client = @saved_cs_client */;

--
-- Dumping data for table `user_votes`
--

LOCK TABLES `user_votes` WRITE;
/*!40000 ALTER TABLE `user_votes` DISABLE KEYS */;
INSERT INTO `user_votes` VALUES (6,1,1,1,'2025-06-17 09:46:26'),(6,1,2,4,'2025-06-17 09:47:26'),(6,1,3,7,'2025-06-17 09:48:07'),(8,1,1,1,'2025-06-17 16:01:09'),(8,1,2,4,'2025-06-17 16:02:29'),(8,1,3,8,'2025-06-17 16:03:38'),(9,1,1,2,'2025-06-19 10:59:41');
/*!40000 ALTER TABLE `user_votes` ENABLE KEYS */;
UNLOCK TABLES;

--
-- Table structure for table `userdatarequests`
--

DROP TABLE IF EXISTS `userdatarequests`;
/*!40101 SET @saved_cs_client     = @@character_set_client */;
/*!50503 SET character_set_client = utf8mb4 */;
CREATE TABLE `userdatarequests` (
  `request_id` int NOT NULL AUTO_INCREMENT,
  `user_id` int NOT NULL,
  `request_type` enum('access','correction','deletion') NOT NULL,
  `status` enum('pending','processed','denied') DEFAULT 'pending',
  `details` text,
  `submitted_at` timestamp NULL DEFAULT CURRENT_TIMESTAMP,
  `processed_at` timestamp NULL DEFAULT NULL,
  PRIMARY KEY (`request_id`),
  KEY `fk_userdata_user` (`user_id`),
  CONSTRAINT `fk_userdata_user` FOREIGN KEY (`user_id`) REFERENCES `users` (`user_id`),
  CONSTRAINT `userdatarequests_ibfk_1` FOREIGN KEY (`user_id`) REFERENCES `users` (`user_id`)
) ENGINE=InnoDB DEFAULT CHARSET=utf8mb4 COLLATE=utf8mb4_0900_ai_ci;
/*!40101 SET character_set_client = @saved_cs_client */;

--
-- Dumping data for table `userdatarequests`
--

LOCK TABLES `userdatarequests` WRITE;
/*!40000 ALTER TABLE `userdatarequests` DISABLE KEYS */;
/*!40000 ALTER TABLE `userdatarequests` ENABLE KEYS */;
UNLOCK TABLES;

--
-- Table structure for table `users`
--

DROP TABLE IF EXISTS `users`;
/*!40101 SET @saved_cs_client     = @@character_set_client */;
/*!50503 SET character_set_client = utf8mb4 */;
CREATE TABLE `users` (
  `user_id` int NOT NULL AUTO_INCREMENT,
  `official_id` varchar(20) NOT NULL,
  `email` varchar(100) NOT NULL,
  `association` varchar(10) NOT NULL,
  `password` varchar(255) NOT NULL,
  `is_verified` tinyint(1) DEFAULT '0',
  `verification_token` varchar(100) DEFAULT NULL,
  `token_expires_at` timestamp NULL DEFAULT NULL,
  `created_at` timestamp NULL DEFAULT CURRENT_TIMESTAMP,
  `role` enum('voter','observer','admin','none') DEFAULT 'voter',
  `fname` varchar(30) DEFAULT NULL,
  `mname` varchar(30) DEFAULT NULL,
  `lname` varchar(30) DEFAULT NULL,
  `last_login` timestamp NULL DEFAULT NULL,
  `college_id` int DEFAULT NULL,
  `hostel_id` int DEFAULT NULL,
  `active` tinyint(1) NOT NULL DEFAULT '1',
  `totp_secret` varchar(800) DEFAULT NULL,
  `has_voted` tinyint(1) DEFAULT '0',
  `remember_token` varchar(64) DEFAULT NULL,
  `token_expiry` datetime DEFAULT NULL,
  `wallet_address` varchar(50) NOT NULL DEFAULT '',
  PRIMARY KEY (`user_id`),
  UNIQUE KEY `official_id` (`official_id`),
  KEY `fk_user_college` (`college_id`),
  KEY `fk_user_hostel` (`hostel_id`),
  KEY `idx_users_email` (`email`),
  CONSTRAINT `fk_user_college` FOREIGN KEY (`college_id`) REFERENCES `colleges` (`college_id`) ON DELETE SET NULL ON UPDATE CASCADE,
  CONSTRAINT `fk_user_hostel` FOREIGN KEY (`hostel_id`) REFERENCES `hostels` (`hostel_id`) ON DELETE SET NULL ON UPDATE CASCADE
) ENGINE=InnoDB AUTO_INCREMENT=435 DEFAULT CHARSET=utf8mb4 COLLATE=utf8mb4_0900_ai_ci;
/*!40101 SET character_set_client = @saved_cs_client */;

--
-- Dumping data for table `users`
--

LOCK TABLES `users` WRITE;
/*!40000 ALTER TABLE `users` DISABLE KEYS */;
INSERT INTO `users` VALUES (1,'T22-01-00001','admin01@smartuchaguzi.com','null','$2y$10$O/N4acT4QRv/rtgBhXjjz.oP.c6lDB75Xk6JbsfsYbaw7ZD6Jtlma',1,NULL,NULL,'2025-04-10 11:47:55','admin','super',NULL,'admin',NULL,NULL,NULL,1,'AOFDTPC2ICFJI6URGJSUXKGI6LCLOKANWHVD5ZTGJ3WX7PF5ZF6D6YFYSJX6RXCKXBGFCRWDAGSNSMW7CMLLDQPNQLHB5O4EOUT76YQ',0,NULL,NULL,'0xe09fa079ac97597A576f97E9242bA1E2e8435a40'),(4,'T22-01-00004','mariam.juma@gmail.com','UDOSO','$2y$10$O/N4acT4QRv/rtgBhXjjz.oP.c6lDB75Xk6JbsfsYbaw7ZD6Jtlma',1,NULL,NULL,'2025-04-26 10:09:03','voter','Mariam','Asha','Juma',NULL,1,1,1,'C7TF2JTDCJI5U36HB2D4NQDSIHV5X5L6FNVP2IUD26WAP2TLZ2WTBDOTW6NEMDJMPMCIZYYEPK4GBEYS6AB36VQZHDD5WMK77MJSQ5Q',0,NULL,NULL,'0x1fd37c62935b37bbee8c9a0c643d138723a66d08'),(5,'T22-01-00005','yustobitalio24@gmail.com','UDOSO','$2y$10$O/N4acT4QRv/rtgBhXjjz.oP.c6lDB75Xk6JbsfsYbaw7ZD6Jtlma',1,NULL,NULL,'2025-04-26 10:09:03','voter','yusto','Theobard','bitalio',NULL,1,1,1,'FXB7HIFNM7MASGFFXZN3RMPWZNFSYK5PKAMHN3EURZHJGTBRSO3BRO6HHULZTUWKMZY6PEXFGLDHIX6T2FDPRY6JMF3H5I3GHZRWI2Y',0,NULL,NULL,'0x91a99d2d09de39172ae2b19555b2a03baf565cdf'),(6,'T22-01-00006','fatuma.ali@gmail.com','UDOSO','$2y$10$O/N4acT4QRv/rtgBhXjjz.oP.c6lDB75Xk6JbsfsYbaw7ZD6Jtlma',1,NULL,NULL,'2025-04-26 10:09:03','voter','Fatuma','Salum','Ali',NULL,1,1,1,'DND6PWGZNSZ3JBWZTEDGZ3UYUXSKFWGFGWASSJFD5MB3ALY4RZ7CMDBFGTYEJUW53W3PMKJF5QBEZ4XQGTYODGZR7XQD3Q75V3SKHAI',0,NULL,NULL,'0xe5b8668b9e9f2c863d40772745aa1261c4356386'),(7,'T22-01-00007','hamisi.rashid@yahoo.com','UDOSO','$2y$10$O/N4acT4QRv/rtgBhXjjz.oP.c6lDB75Xk6JbsfsYbaw7ZD6Jtlma',1,NULL,NULL,'2025-04-26 10:09:03','voter','Hamisi','Omar','Rashid',NULL,1,1,1,NULL,0,NULL,NULL,''),(8,'T22-01-00008','zainab.khamis@outlook.com','UDOSO','$2y$10$O/N4acT4QRv/rtgBhXjjz.oP.c6lDB75Xk6JbsfsYbaw7ZD6Jtlma',1,NULL,NULL,'2025-04-26 10:09:03','voter','Zainab','Mwajuma','Khamis',NULL,1,1,1,'W655OFFRRD2WZF3ZLXR5L3IMA3L2SI5T7IJYFGQZRFOMN4NSOZ7VBRPNR6JDHVEGUAWW743WI2MEWPXBJWSQIN7R6BSVWXYQDWEQTYI',0,NULL,NULL,'0xc72ab0111d92ac2b4543ac909b9fc0da86970066'),(9,'T22-01-00009','abdul.mwinyi@gmail.com','UDOSO','$2y$10$O/N4acT4QRv/rtgBhXjjz.oP.c6lDB75Xk6JbsfsYbaw7ZD6Jtlma',1,NULL,NULL,'2025-04-26 10:09:03','voter','Abdul','Said','Mwinyi',NULL,1,1,1,'A62DVJQ4XRPFZEZCLXZRXS73SQVCYGHPON3VGODPCG3KSSE3Q45CU45OFJLE7NL4LSM4KAIL6Q72KTLYOHUL5OKBH7ZE3UM2OHCSP7Q',0,NULL,NULL,'0x6f0101e8e81fb8c861f53d0aac532deb65939740'),(10,'T22-01-00010','ashura.hussein@outlook.com','UDOSO','$2y$10$O/N4acT4QRv/rtgBhXjjz.oP.c6lDB75Xk6JbsfsYbaw7ZD6Jtlma',1,NULL,NULL,'2025-04-26 10:09:03','voter','Ashura','Fatma','Hussein',NULL,1,1,1,'DYTCLLZM4SHTHFFFTOFAWIZOX4BLSYS53VGRAVYQFMXBEZR4YVST7NGERXKCPELRQR45WOS5FPF6IZH6VTNIC6SEJKO2ZT37LW4CXXA',0,NULL,NULL,'0x18c794213315036b74cdc86aa70f3ddadfe81c1f'),(11,'T22-01-00011','saidi.bakari@gmail.com','UDOSO','$2y$10$O/N4acT4QRv/rtgBhXjjz.oP.c6lDB75Xk6JbsfsYbaw7ZD6Jtlma',1,NULL,NULL,'2025-04-26 10:09:03','voter','Saidi','Juma','Bakari',NULL,1,1,1,NULL,0,NULL,NULL,''),(12,'T22-01-00012','halima.suleiman@yahoo.com','UDOSO','$2y$10$O/N4acT4QRv/rtgBhXjjz.oP.c6lDB75Xk6JbsfsYbaw7ZD6Jtlma',1,NULL,NULL,'2025-04-26 10:09:03','voter','Halima','Amina','Suleiman',NULL,1,1,1,NULL,0,NULL,NULL,''),(13,'T22-01-00013','ramadhani.issack@gmail.com','UDOSO','$2y$10$O/N4acT4QRv/rtgBhXjjz.oP.c6lDB75Xk6JbsfsYbaw7ZD6Jtlma',1,NULL,NULL,'2025-04-26 10:09:03','voter','Ramadhani','Hassan','Issack',NULL,1,1,1,NULL,0,NULL,NULL,''),(14,'T22-01-00014','mwanahamisi.omar@outlook.com','UDOSO','$2y$10$O/N4acT4QRv/rtgBhXjjz.oP.c6lDB75Xk6JbsfsYbaw7ZD6Jtlma',1,NULL,NULL,'2025-04-26 10:09:03','voter','Mwanahamisi','Zuhura','Omar',NULL,1,1,1,NULL,0,NULL,NULL,''),(15,'T22-01-00015','yusuph.mwita@gmail.com','UDOSO','$2y$10$O/N4acT4QRv/rtgBhXjjz.oP.c6lDB75Xk6JbsfsYbaw7ZD6Jtlma',1,NULL,NULL,'2025-04-26 10:09:03','voter','Yusuph','Salum','Mwita',NULL,1,1,1,NULL,0,NULL,NULL,''),(16,'T22-01-00016','nuru.haji@yahoo.com','UDOSO','$2y$10$O/N4acT4QRv/rtgBhXjjz.oP.c6lDB75Xk6JbsfsYbaw7ZD6Jtlma',1,NULL,NULL,'2025-04-26 10:09:03','voter','Nuru','Fatma','Haji',NULL,1,1,1,NULL,0,NULL,NULL,''),(17,'T22-01-00017','salma.kassim@outlook.com','UDOSO','$2y$10$O/N4acT4QRv/rtgBhXjjz.oP.c6lDB75Xk6JbsfsYbaw7ZD6Jtlma',1,NULL,NULL,'2025-04-26 10:09:03','voter','Salma','Asha','Kassim',NULL,1,1,1,NULL,0,NULL,NULL,''),(18,'T22-01-00018','hamad.khalfan@gmail.com','UDOSO','$2y$10$O/N4acT4QRv/rtgBhXjjz.oP.c6lDB75Xk6JbsfsYbaw7ZD6Jtlma',1,NULL,NULL,'2025-04-26 10:09:03','voter','Hamad','Juma','Khalfan',NULL,1,1,1,NULL,0,NULL,NULL,''),(19,'T22-01-00019','aisha.mohamed@yahoo.com','UDOSO','$2y$10$O/N4acT4QRv/rtgBhXjjz.oP.c6lDB75Xk6JbsfsYbaw7ZD6Jtlma',1,NULL,NULL,'2025-04-26 10:09:03','voter','Aisha','Mariam','Mohamed',NULL,1,1,1,NULL,0,NULL,NULL,''),(20,'T22-01-00020','khadija.said@outlook.com','UDOSO','$2y$10$O/N4acT4QRv/rtgBhXjjz.oP.c6lDB75Xk6JbsfsYbaw7ZD6Jtlma',1,NULL,NULL,'2025-04-26 10:09:03','voter','Khadija','Fatma','Said',NULL,1,1,1,NULL,0,NULL,NULL,''),(21,'T22-01-00021','jafari.ramadhani@gmail.com','UDOSO','$2y$10$O/N4acT4QRv/rtgBhXjjz.oP.c6lDB75Xk6JbsfsYbaw7ZD6Jtlma',1,NULL,NULL,'2025-04-26 10:09:03','voter','Jafari','Hassan','Ramadhani',NULL,1,1,1,NULL,0,NULL,NULL,''),(22,'T22-01-00022','mgeni.abdallah2@outlook.com','UDOSO','$2y$10$O/N4acT4QRv/rtgBhXjjz.oP.c6lDB75Xk6JbsfsYbaw7ZD6Jtlma',1,NULL,NULL,'2025-04-26 10:09:03','voter','Mgeni','Salum','Abdallah',NULL,1,1,1,NULL,0,NULL,NULL,''),(23,'T22-01-00023','zawadi.mwinyi2@gmail.com','UDOSO','$2y$10$O/N4acT4QRv/rtgBhXjjz.oP.c6lDB75Xk6JbsfsYbaw7ZD6Jtlma',1,NULL,NULL,'2025-04-26 10:09:03','voter','Zawadi','Amina','Mwinyi',NULL,1,1,1,NULL,0,NULL,NULL,''),(24,'T22-01-00024','salum.hassan2@outlook.com','UDOSO','$2y$10$O/N4acT4QRv/rtgBhXjjz.oP.c6lDB75Xk6JbsfsYbaw7ZD6Jtlma',1,NULL,NULL,'2025-04-26 10:09:03','voter','Salum','Juma','Hassan',NULL,1,1,1,NULL,0,NULL,NULL,''),(25,'T22-01-00025','fatma.omar2@gmail.com','UDOSO','$2y$10$O/N4acT4QRv/rtgBhXjjz.oP.c6lDB75Xk6JbsfsYbaw7ZD6Jtlma',1,NULL,NULL,'2025-04-26 10:09:03','voter','Fatma','Asha','Omar',NULL,1,1,1,NULL,0,NULL,NULL,''),(26,'T22-01-00026','mohamed.rashid2@yahoo.com','UDOSO','$2y$10$O/N4acT4QRv/rtgBhXjjz.oP.c6lDB75Xk6JbsfsYbaw7ZD6Jtlma',1,NULL,NULL,'2025-04-26 10:09:03','voter','Mohamed','Hamisi','Rashid',NULL,1,1,1,NULL,0,NULL,NULL,''),(27,'T22-01-00027','zuhura.khamis2@outlook.com','UDOSO','$2y$10$O/N4acT4QRv/rtgBhXjjz.oP.c6lDB75Xk6JbsfsYbaw7ZD6Jtlma',1,NULL,NULL,'2025-04-26 10:09:03','voter','Zuhura','Nuru','Khamis',NULL,1,1,1,NULL,0,NULL,NULL,''),(28,'T22-01-00028','said.mwinyi2@gmail.com','UDOSO','$2y$10$O/N4acT4QRv/rtgBhXjjz.oP.c6lDB75Xk6JbsfsYbaw7ZD6Jtlma',1,NULL,NULL,'2025-04-26 10:09:03','voter','Said','Abdul','Mwinyi',NULL,1,1,1,NULL,0,NULL,NULL,''),(29,'T22-01-00029','amina.hussein2@outlook.com','UDOSO','$2y$10$O/N4acT4QRv/rtgBhXjjz.oP.c6lDB75Xk6JbsfsYbaw7ZD6Jtlma',1,NULL,NULL,'2025-04-26 10:09:03','voter','Amina','Ashura','Hussein',NULL,1,1,1,NULL,0,NULL,NULL,''),(30,'T22-01-00030','bakari.juma2@gmail.com','UDOSO','$2y$10$O/N4acT4QRv/rtgBhXjjz.oP.c6lDB75Xk6JbsfsYbaw7ZD6Jtlma',1,NULL,NULL,'2025-04-26 10:09:03','voter','Bakari','Saidi','Juma',NULL,1,1,1,NULL,0,NULL,NULL,''),(31,'T22-01-00031','mwajuma.suleiman2@yahoo.com','UDOSO','$2y$10$O/N4acT4QRv/rtgBhXjjz.oP.c6lDB75Xk6JbsfsYbaw7ZD6Jtlma',1,NULL,NULL,'2025-04-26 10:09:03','voter','Mwajuma','Halima','Suleiman',NULL,1,1,1,NULL,0,NULL,NULL,''),(32,'T22-01-00032','hassan.issack2@gmail.com','UDOSO','$2y$10$O/N4acT4QRv/rtgBhXjjz.oP.c6lDB75Xk6JbsfsYbaw7ZD6Jtlma',1,NULL,NULL,'2025-04-26 10:09:03','voter','Hassan','Ramadhani','Issack',NULL,1,1,1,NULL,0,NULL,NULL,''),(33,'T22-01-00033','zainabu.omar2@outlook.com','UDOSO','$2y$10$O/N4acT4QRv/rtgBhXjjz.oP.c6lDB75Xk6JbsfsYbaw7ZD6Jtlma',1,NULL,NULL,'2025-04-26 10:09:03','voter','Zainabu','Mwanahamisi','Omar',NULL,1,1,1,NULL,0,NULL,NULL,''),(34,'T22-01-00034','salum.mwita2@gmail.com','UDOSO','$2y$10$O/N4acT4QRv/rtgBhXjjz.oP.c6lDB75Xk6JbsfsYbaw7ZD6Jtlma',1,NULL,NULL,'2025-04-26 10:09:03','voter','Salum','Yusuph','Mwita',NULL,1,1,1,NULL,0,NULL,NULL,''),(35,'T22-01-00035','fatuma.haji2@yahoo.com','UDOSO','$2y$10$O/N4acT4QRv/rtgBhXjjz.oP.c6lDB75Xk6JbsfsYbaw7ZD6Jtlma',1,NULL,NULL,'2025-04-26 10:09:03','voter','Fatuma','Nuru','Haji',NULL,1,1,1,NULL,0,NULL,NULL,''),(36,'T22-01-00036','asha.kassim2@outlook.com','UDOSO','$2y$10$O/N4acT4QRv/rtgBhXjjz.oP.c6lDB75Xk6JbsfsYbaw7ZD6Jtlma',1,NULL,NULL,'2025-04-26 10:09:03','voter','Asha','Salma','Kassim',NULL,1,1,1,NULL,0,NULL,NULL,''),(37,'T22-01-00037','juma.khalfan2@gmail.com','UDOSO','$2y$10$O/N4acT4QRv/rtgBhXjjz.oP.c6lDB75Xk6JbsfsYbaw7ZD6Jtlma',1,NULL,NULL,'2025-04-26 10:09:03','voter','Juma','Hamad','Khalfan',NULL,1,1,1,NULL,0,NULL,NULL,''),(38,'T22-01-00038','mariam.mohamed2@yahoo.com','UDOSO','$2y$10$O/N4acT4QRv/rtgBhXjjz.oP.c6lDB75Xk6JbsfsYbaw7ZD6Jtlma',1,NULL,NULL,'2025-04-26 10:09:03','voter','Mariam','Aisha','Mohamed',NULL,1,1,1,NULL,0,NULL,NULL,''),(39,'T22-01-00039','fatma.said2@outlook.com','UDOSO','$2y$10$O/N4acT4QRv/rtgBhXjjz.oP.c6lDB75Xk6JbsfsYbaw7ZD6Jtlma',1,NULL,NULL,'2025-04-26 10:09:03','voter','Fatma','Khadija','Said',NULL,1,1,1,NULL,0,NULL,NULL,''),(40,'T22-01-00040','hassan.ramadhani2@gmail.com','UDOSO','$2y$10$O/N4acT4QRv/rtgBhXjjz.oP.c6lDB75Xk6JbsfsYbaw7ZD6Jtlma',1,NULL,NULL,'2025-04-26 10:09:03','voter','Hassan','Jafari','Ramadhani',NULL,1,1,1,NULL,0,NULL,NULL,''),(41,'T22-01-00041','salum.abdallah2@outlook.com','UDOSO','$2y$10$O/N4acT4QRv/rtgBhXjjz.oP.c6lDB75Xk6JbsfsYbaw7ZD6Jtlma',1,NULL,NULL,'2025-04-26 10:09:03','voter','Salum','Mgeni','Abdallah',NULL,1,1,1,NULL,0,NULL,NULL,''),(42,'T22-01-00042','amina.mwinyi2@gmail.com','UDOSO','$2y$10$O/N4acT4QRv/rtgBhXjjz.oP.c6lDB75Xk6JbsfsYbaw7ZD6Jtlma',1,NULL,NULL,'2025-04-26 10:09:03','voter','Amina','Zawadi','Mwinyi',NULL,1,1,1,NULL,0,NULL,NULL,''),(43,'T22-01-00043','juma.salum2@gmail.com','UDOSO','$2y$10$O/N4acT4QRv/rtgBhXjjz.oP.c6lDB75Xk6JbsfsYbaw7ZD6Jtlma',1,NULL,NULL,'2025-04-26 10:09:03','voter','Juma','Hassan','Salum',NULL,1,1,1,NULL,0,NULL,NULL,''),(44,'T22-01-00044','asha.fatma2@outlook.com','UDOSO','$2y$10$O/N4acT4QRv/rtgBhXjjz.oP.c6lDB75Xk6JbsfsYbaw7ZD6Jtlma',1,NULL,NULL,'2025-04-26 10:09:03','voter','Asha','Mariam','Fatma',NULL,1,1,1,NULL,0,NULL,NULL,''),(45,'T22-01-00045','mohamed.hamisi2@gmail.com','UDOSO','$2y$10$O/N4acT4QRv/rtgBhXjjz.oP.c6lDB75Xk6JbsfsYbaw7ZD6Jtlma',1,NULL,NULL,'2025-04-26 10:09:03','voter','Mohamed','Rashid','Hamisi',NULL,1,1,1,NULL,0,NULL,NULL,''),(46,'T22-01-00046','nuru.zuhura2@yahoo.com','UDOSO','$2y$10$O/N4acT4QRv/rtgBhXjjz.oP.c6lDB75Xk6JbsfsYbaw7ZD6Jtlma',1,NULL,NULL,'2025-04-26 10:09:03','voter','Nuru','Zuhura','Khamis',NULL,1,1,1,NULL,0,NULL,NULL,''),(47,'T22-01-00047','abdul.said2@outlook.com','UDOSO','$2y$10$O/N4acT4QRv/rtgBhXjjz.oP.c6lDB75Xk6JbsfsYbaw7ZD6Jtlma',1,NULL,NULL,'2025-04-26 10:09:03','voter','Abdul','Mwinyi','Said',NULL,1,1,1,NULL,0,NULL,NULL,''),(48,'T22-01-00048','ashura.amina2@gmail.com','UDOSO','$2y$10$O/N4acT4QRv/rtgBhXjjz.oP.c6lDB75Xk6JbsfsYbaw7ZD6Jtlma',1,NULL,NULL,'2025-04-26 10:09:03','voter','Ashura','Hussein','Amina',NULL,1,1,1,NULL,0,NULL,NULL,''),(49,'T22-01-00049','saidi.bakari2@outlook.com','UDOSO','$2y$10$O/N4acT4QRv/rtgBhXjjz.oP.c6lDB75Xk6JbsfsYbaw7ZD6Jtlma',1,NULL,NULL,'2025-04-26 10:09:03','voter','Saidi','Juma','Bakari',NULL,1,1,1,NULL,0,NULL,NULL,''),(50,'T22-01-00050','halima.mwajuma2@gmail.com','UDOSO','$2y$10$O/N4acT4QRv/rtgBhXjjz.oP.c6lDB75Xk6JbsfsYbaw7ZD6Jtlma',1,NULL,NULL,'2025-04-26 10:09:03','voter','Halima','Suleiman','Mwajuma',NULL,1,1,1,NULL,0,NULL,NULL,''),(51,'T22-01-00051','ramadhani.hassan2@yahoo.com','UDOSO','$2y$10$O/N4acT4QRv/rtgBhXjjz.oP.c6lDB75Xk6JbsfsYbaw7ZD6Jtlma',1,NULL,NULL,'2025-04-26 10:09:03','voter','Ramadhani','Issack','Hassan',NULL,1,1,1,NULL,0,NULL,NULL,''),(52,'T22-01-00052','mwanahamisi.zainabu2@outlook.com','UDOSO','$2y$10$O/N4acT4QRv/rtgBhXjjz.oP.c6lDB75Xk6JbsfsYbaw7ZD6Jtlma',1,NULL,NULL,'2025-04-26 10:09:03','voter','Mwanahamisi','Omar','Zainabu',NULL,1,1,1,NULL,0,NULL,NULL,''),(53,'T22-01-00053','yusuph.salum2@gmail.com','UDOSO','$2y$10$O/N4acT4QRv/rtgBhXjjz.oP.c6lDB75Xk6JbsfsYbaw7ZD6Jtlma',1,NULL,NULL,'2025-04-26 10:09:03','voter','Yusuph','Mwita','Salum',NULL,1,1,1,NULL,0,NULL,NULL,''),(54,'T22-01-00054','nuru.fatma2@outlook.com','UDOSO','$2y$10$O/N4acT4QRv/rtgBhXjjz.oP.c6lDB75Xk6JbsfsYbaw7ZD6Jtlma',1,NULL,NULL,'2025-04-26 10:09:03','voter','Nuru','Haji','Fatma',NULL,1,2,1,NULL,0,NULL,NULL,''),(55,'T22-01-00055','salma.asha2@gmail.com','UDOSO','$2y$10$O/N4acT4QRv/rtgBhXjjz.oP.c6lDB75Xk6JbsfsYbaw7ZD6Jtlma',1,NULL,NULL,'2025-04-26 10:09:03','voter','Salma','Kassim','Asha',NULL,1,2,1,NULL,0,NULL,NULL,''),(56,'T22-01-00056','hamad.juma2@outlook.com','UDOSO','$2y$10$O/N4acT4QRv/rtgBhXjjz.oP.c6lDB75Xk6JbsfsYbaw7ZD6Jtlma',1,NULL,NULL,'2025-04-26 10:09:03','voter','Hamad','Khalfan','Juma',NULL,1,2,1,NULL,0,NULL,NULL,''),(57,'T22-01-00057','aisha.mariam2@gmail.com','UDOSO','$2y$10$O/N4acT4QRv/rtgBhXjjz.oP.c6lDB75Xk6JbsfsYbaw7ZD6Jtlma',1,NULL,NULL,'2025-04-26 10:09:03','voter','Aisha','Mohamed','Mariam',NULL,1,2,1,NULL,0,NULL,NULL,''),(58,'T22-01-00058','khadija.fatma2@outlook.com','UDOSO','$2y$10$O/N4acT4QRv/rtgBhXjjz.oP.c6lDB75Xk6JbsfsYbaw7ZD6Jtlma',1,NULL,NULL,'2025-04-26 10:09:03','voter','Khadija','Said','Fatma',NULL,1,2,1,NULL,0,NULL,NULL,''),(59,'T22-01-00059','jafari.hassan2@gmail.com','UDOSO','$2y$10$O/N4acT4QRv/rtgBhXjjz.oP.c6lDB75Xk6JbsfsYbaw7ZD6Jtlma',1,NULL,NULL,'2025-04-26 10:09:03','voter','Jafari','Ramadhani','Hassan',NULL,1,2,1,NULL,0,NULL,NULL,''),(60,'T22-01-00060','mgeni.salum2@outlook.com','UDOSO','$2y$10$O/N4acT4QRv/rtgBhXjjz.oP.c6lDB75Xk6JbsfsYbaw7ZD6Jtlma',1,NULL,NULL,'2025-04-26 10:09:03','voter','Mgeni','Abdallah','Salum',NULL,1,2,1,NULL,0,NULL,NULL,''),(61,'T22-01-00061','zawadi.amina2@gmail.com','UDOSO','$2y$10$O/N4acT4QRv/rtgBhXjjz.oP.c6lDB75Xk6JbsfsYbaw7ZD6Jtlma',1,NULL,NULL,'2025-04-26 10:09:03','voter','Zawadi','Mwinyi','Amina',NULL,1,2,1,NULL,0,NULL,NULL,''),(62,'T22-01-00062','fatma.juma2@outlook.com','UDOSO','$2y$10$O/N4acT4QRv/rtgBhXjjz.oP.c6lDB75Xk6JbsfsYbaw7ZD6Jtlma',1,NULL,NULL,'2025-04-26 10:09:03','voter','Fatma','Juma','Asha',NULL,1,2,1,NULL,0,NULL,NULL,''),(63,'T22-01-00063','mariam.juma3@gmail.com','UDOSO','$2y$10$O/N4acT4QRv/rtgBhXjjz.oP.c6lDB75Xk6JbsfsYbaw7ZD6Jtlma',1,NULL,NULL,'2025-04-26 10:09:03','voter','Mariam','Asha','Juma',NULL,1,2,1,NULL,0,NULL,NULL,''),(64,'T22-01-00064','juma.mohamed3@outlook.com','UDOSO','$2y$10$O/N4acT4QRv/rtgBhXjjz.oP.c6lDB75Xk6JbsfsYbaw7ZD6Jtlma',1,NULL,NULL,'2025-04-26 10:09:03','voter','Juma','Hassan','Mohamed',NULL,1,2,1,NULL,0,NULL,NULL,''),(65,'T22-01-00065','fatuma.ali3@gmail.com','UDOSO','$2y$10$O/N4acT4QRv/rtgBhXjjz.oP.c6lDB75Xk6JbsfsYbaw7ZD6Jtlma',1,NULL,NULL,'2025-04-26 10:09:03','voter','Fatuma','Salum','Ali',NULL,1,2,1,NULL,0,NULL,NULL,''),(66,'T22-01-00066','hamisi.rashid3@yahoo.com','UDOSO','$2y$10$O/N4acT4QRv/rtgBhXjjz.oP.c6lDB75Xk6JbsfsYbaw7ZD6Jtlma',1,NULL,NULL,'2025-04-26 10:09:03','voter','Hamisi','Omar','Rashid',NULL,1,2,1,NULL,0,NULL,NULL,''),(67,'T22-01-00067','zainab.khamis3@outlook.com','UDOSO','$2y$10$O/N4acT4QRv/rtgBhXjjz.oP.c6lDB75Xk6JbsfsYbaw7ZD6Jtlma',1,NULL,NULL,'2025-04-26 10:09:03','voter','Zainab','Mwajuma','Khamis',NULL,1,2,1,NULL,0,NULL,NULL,''),(68,'T22-01-00068','abdul.mwinyi3@gmail.com','UDOSO','$2y$10$O/N4acT4QRv/rtgBhXjjz.oP.c6lDB75Xk6JbsfsYbaw7ZD6Jtlma',1,NULL,NULL,'2025-04-26 10:09:03','voter','Abdul','Said','Mwinyi',NULL,1,2,1,NULL,0,NULL,NULL,''),(69,'T22-01-00069','ashura.hussein3@outlook.com','UDOSO','$2y$10$O/N4acT4QRv/rtgBhXjjz.oP.c6lDB75Xk6JbsfsYbaw7ZD6Jtlma',1,NULL,NULL,'2025-04-26 10:09:03','voter','Ashura','Fatma','Hussein',NULL,1,2,1,NULL,0,NULL,NULL,''),(70,'T22-01-00070','saidi.bakari3@gmail.com','UDOSO','$2y$10$O/N4acT4QRv/rtgBhXjjz.oP.c6lDB75Xk6JbsfsYbaw7ZD6Jtlma',1,NULL,NULL,'2025-04-26 10:09:03','voter','Saidi','Juma','Bakari',NULL,1,2,1,NULL,0,NULL,NULL,''),(71,'T22-01-00071','halima.suleiman3@yahoo.com','UDOSO','$2y$10$O/N4acT4QRv/rtgBhXjjz.oP.c6lDB75Xk6JbsfsYbaw7ZD6Jtlma',1,NULL,NULL,'2025-04-26 10:09:03','voter','Halima','Amina','Suleiman',NULL,1,2,1,NULL,0,NULL,NULL,''),(72,'T22-01-00072','ramadhani.issack3@gmail.com','UDOSO','$2y$10$O/N4acT4QRv/rtgBhXjjz.oP.c6lDB75Xk6JbsfsYbaw7ZD6Jtlma',1,NULL,NULL,'2025-04-26 10:09:03','voter','Ramadhani','Hassan','Issack',NULL,1,2,1,NULL,0,NULL,NULL,''),(73,'T22-01-00073','mwanahamisi.omar3@outlook.com','UDOSO','$2y$10$O/N4acT4QRv/rtgBhXjjz.oP.c6lDB75Xk6JbsfsYbaw7ZD6Jtlma',1,NULL,NULL,'2025-04-26 10:09:03','voter','Mwanahamisi','Zuhura','Omar',NULL,1,2,1,NULL,0,NULL,NULL,''),(74,'T22-01-00074','yusuph.mwita3@gmail.com','UDOSO','$2y$10$O/N4acT4QRv/rtgBhXjjz.oP.c6lDB75Xk6JbsfsYbaw7ZD6Jtlma',1,NULL,NULL,'2025-04-26 10:09:03','voter','Yusuph','Salum','Mwita',NULL,1,2,1,NULL,0,NULL,NULL,''),(75,'T22-01-00075','nuru.haji3@yahoo.com','UDOSO','$2y$10$O/N4acT4QRv/rtgBhXjjz.oP.c6lDB75Xk6JbsfsYbaw7ZD6Jtlma',1,NULL,NULL,'2025-04-26 10:09:03','voter','Nuru','Fatma','Haji',NULL,1,2,1,NULL,0,NULL,NULL,''),(76,'T22-01-00076','salma.kassim3@outlook.com','UDOSO','$2y$10$O/N4acT4QRv/rtgBhXjjz.oP.c6lDB75Xk6JbsfsYbaw7ZD6Jtlma',1,NULL,NULL,'2025-04-26 10:09:03','voter','Salma','Asha','Kassim',NULL,1,2,1,NULL,0,NULL,NULL,''),(77,'T22-01-00077','hamad.khalfan3@gmail.com','UDOSO','$2y$10$O/N4acT4QRv/rtgBhXjjz.oP.c6lDB75Xk6JbsfsYbaw7ZD6Jtlma',1,NULL,NULL,'2025-04-26 10:09:03','voter','Hamad','Juma','Khalfan',NULL,1,2,1,NULL,0,NULL,NULL,''),(78,'T22-01-00078','aisha.mohamed3@yahoo.com','UDOSO','$2y$10$O/N4acT4QRv/rtgBhXjjz.oP.c6lDB75Xk6JbsfsYbaw7ZD6Jtlma',1,NULL,NULL,'2025-04-26 10:09:03','voter','Aisha','Mariam','Mohamed',NULL,1,2,1,NULL,0,NULL,NULL,''),(79,'T22-01-00079','khadija.said3@outlook.com','UDOSO','$2y$10$O/N4acT4QRv/rtgBhXjjz.oP.c6lDB75Xk6JbsfsYbaw7ZD6Jtlma',1,NULL,NULL,'2025-04-26 10:09:03','voter','Khadija','Fatma','Said',NULL,1,2,1,NULL,0,NULL,NULL,''),(80,'T22-01-00080','jafari.ramadhani3@gmail.com','UDOSO','$2y$10$O/N4acT4QRv/rtgBhXjjz.oP.c6lDB75Xk6JbsfsYbaw7ZD6Jtlma',1,NULL,NULL,'2025-04-26 10:09:03','voter','Jafari','Hassan','Ramadhani',NULL,1,2,1,NULL,0,NULL,NULL,''),(81,'T22-01-00081','mgeni.abdallah3@outlook.com','UDOSO','$2y$10$O/N4acT4QRv/rtgBhXjjz.oP.c6lDB75Xk6JbsfsYbaw7ZD6Jtlma',1,NULL,NULL,'2025-04-26 10:09:03','voter','Mgeni','Salum','Abdallah',NULL,1,2,1,NULL,0,NULL,NULL,''),(82,'T22-01-00082','zawadi.mwinyi3@gmail.com','UDOSO','$2y$10$O/N4acT4QRv/rtgBhXjjz.oP.c6lDB75Xk6JbsfsYbaw7ZD6Jtlma',1,NULL,NULL,'2025-04-26 10:09:03','voter','Zawadi','Amina','Mwinyi',NULL,1,2,1,NULL,0,NULL,NULL,''),(83,'T22-01-00083','salum.hassan3@outlook.com','UDOSO','$2y$10$O/N4acT4QRv/rtgBhXjjz.oP.c6lDB75Xk6JbsfsYbaw7ZD6Jtlma',1,NULL,NULL,'2025-04-26 10:09:03','voter','Salum','Juma','Hassan',NULL,1,2,1,NULL,0,NULL,NULL,''),(84,'T22-01-00084','fatma.omar3@gmail.com','UDOSO','$2y$10$O/N4acT4QRv/rtgBhXjjz.oP.c6lDB75Xk6JbsfsYbaw7ZD6Jtlma',1,NULL,NULL,'2025-04-26 10:09:03','voter','Fatma','Asha','Omar',NULL,1,2,1,NULL,0,NULL,NULL,''),(85,'T22-01-00085','mohamed.rashid3@yahoo.com','UDOSO','$2y$10$O/N4acT4QRv/rtgBhXjjz.oP.c6lDB75Xk6JbsfsYbaw7ZD6Jtlma',1,NULL,NULL,'2025-04-26 10:09:03','voter','Mohamed','Hamisi','Rashid',NULL,1,2,1,NULL,0,NULL,NULL,''),(86,'T22-01-00086','zuhura.khamis3@outlook.com','UDOSO','$2y$10$O/N4acT4QRv/rtgBhXjjz.oP.c6lDB75Xk6JbsfsYbaw7ZD6Jtlma',1,NULL,NULL,'2025-04-26 10:09:03','voter','Zuhura','Nuru','Khamis',NULL,1,2,1,NULL,0,NULL,NULL,''),(87,'T22-01-00087','said.mwinyi3@gmail.com','UDOSO','$2y$10$O/N4acT4QRv/rtgBhXjjz.oP.c6lDB75Xk6JbsfsYbaw7ZD6Jtlma',1,NULL,NULL,'2025-04-26 10:09:03','voter','Said','Abdul','Mwinyi',NULL,1,2,1,NULL,0,NULL,NULL,''),(88,'T22-01-00088','amina.hussein3@outlook.com','UDOSO','$2y$10$O/N4acT4QRv/rtgBhXjjz.oP.c6lDB75Xk6JbsfsYbaw7ZD6Jtlma',1,NULL,NULL,'2025-04-26 10:09:03','voter','Amina','Ashura','Hussein',NULL,1,2,1,NULL,0,NULL,NULL,''),(89,'T22-01-00089','bakari.juma3@gmail.com','UDOSO','$2y$10$O/N4acT4QRv/rtgBhXjjz.oP.c6lDB75Xk6JbsfsYbaw7ZD6Jtlma',1,NULL,NULL,'2025-04-26 10:09:03','voter','Bakari','Saidi','Juma',NULL,1,2,1,NULL,0,NULL,NULL,''),(90,'T22-01-00090','mwajuma.suleiman3@yahoo.com','UDOSO','$2y$10$O/N4acT4QRv/rtgBhXjjz.oP.c6lDB75Xk6JbsfsYbaw7ZD6Jtlma',1,NULL,NULL,'2025-04-26 10:09:03','voter','Mwajuma','Halima','Suleiman',NULL,1,2,1,NULL,0,NULL,NULL,''),(91,'T22-01-00091','hassan.issack3@gmail.com','UDOSO','$2y$10$O/N4acT4QRv/rtgBhXjjz.oP.c6lDB75Xk6JbsfsYbaw7ZD6Jtlma',1,NULL,NULL,'2025-04-26 10:09:03','voter','Hassan','Ramadhani','Issack',NULL,1,2,1,NULL,0,NULL,NULL,''),(92,'T22-01-00092','zainabu.omar3@outlook.com','UDOSO','$2y$10$O/N4acT4QRv/rtgBhXjjz.oP.c6lDB75Xk6JbsfsYbaw7ZD6Jtlma',1,NULL,NULL,'2025-04-26 10:09:03','voter','Zainabu','Mwanahamisi','Omar',NULL,1,2,1,NULL,0,NULL,NULL,''),(93,'T22-01-00093','salum.mwita3@gmail.com','UDOSO','$2y$10$O/N4acT4QRv/rtgBhXjjz.oP.c6lDB75Xk6JbsfsYbaw7ZD6Jtlma',1,NULL,NULL,'2025-04-26 10:09:03','voter','Salum','Yusuph','Mwita',NULL,1,2,1,NULL,0,NULL,NULL,''),(94,'T22-01-00094','fatuma.haji3@yahoo.com','UDOSO','$2y$10$O/N4acT4QRv/rtgBhXjjz.oP.c6lDB75Xk6JbsfsYbaw7ZD6Jtlma',1,NULL,NULL,'2025-04-26 10:09:03','voter','Fatuma','Nuru','Haji',NULL,1,2,1,NULL,0,NULL,NULL,''),(95,'T22-01-00095','asha.kassim3@outlook.com','UDOSO','$2y$10$O/N4acT4QRv/rtgBhXjjz.oP.c6lDB75Xk6JbsfsYbaw7ZD6Jtlma',1,NULL,NULL,'2025-04-26 10:09:03','voter','Asha','Salma','Kassim',NULL,1,2,1,NULL,0,NULL,NULL,''),(96,'T22-01-00096','juma.khalfan3@gmail.com','UDOSO','$2y$10$O/N4acT4QRv/rtgBhXjjz.oP.c6lDB75Xk6JbsfsYbaw7ZD6Jtlma',1,NULL,NULL,'2025-04-26 10:09:03','voter','Juma','Hamad','Khalfan',NULL,1,2,1,NULL,0,NULL,NULL,''),(97,'T22-01-00097','mariam.mohamed3@yahoo.com','UDOSO','$2y$10$O/N4acT4QRv/rtgBhXjjz.oP.c6lDB75Xk6JbsfsYbaw7ZD6Jtlma',1,NULL,NULL,'2025-04-26 10:09:03','voter','Mariam','Aisha','Mohamed',NULL,1,2,1,NULL,0,NULL,NULL,''),(98,'T22-01-00098','fatma.said3@outlook.com','UDOSO','$2y$10$O/N4acT4QRv/rtgBhXjjz.oP.c6lDB75Xk6JbsfsYbaw7ZD6Jtlma',1,NULL,NULL,'2025-04-26 10:09:03','voter','Fatma','Khadija','Said',NULL,1,2,1,NULL,0,NULL,NULL,''),(99,'T22-01-00099','hassan.ramadhani3@gmail.com','UDOSO','$2y$10$O/N4acT4QRv/rtgBhXjjz.oP.c6lDB75Xk6JbsfsYbaw7ZD6Jtlma',1,NULL,NULL,'2025-04-26 10:09:03','voter','Hassan','Jafari','Ramadhani',NULL,1,2,1,NULL,0,NULL,NULL,''),(100,'T22-01-00100','salum.abdallah3@outlook.com','UDOSO','$2y$10$O/N4acT4QRv/rtgBhXjjz.oP.c6lDB75Xk6JbsfsYbaw7ZD6Jtlma',1,NULL,NULL,'2025-04-26 10:09:03','voter','Salum','Mgeni','Abdallah',NULL,1,2,1,NULL,0,NULL,NULL,''),(101,'T22-01-00101','amina.mwinyi3@gmail.com','UDOSO','$2y$10$O/N4acT4QRv/rtgBhXjjz.oP.c6lDB75Xk6JbsfsYbaw7ZD6Jtlma',1,NULL,NULL,'2025-04-26 10:09:03','voter','Amina','Zawadi','Mwinyi',NULL,1,2,1,NULL,0,NULL,NULL,''),(102,'T22-01-00102','juma.salum3@gmail.com','UDOSO','$2y$10$O/N4acT4QRv/rtgBhXjjz.oP.c6lDB75Xk6JbsfsYbaw7ZD6Jtlma',1,NULL,NULL,'2025-04-26 10:09:03','voter','Juma','Hassan','Salum',NULL,1,2,1,NULL,0,NULL,NULL,''),(103,'T22-01-00103','asha.fatma3@outlook.com','UDOSO','$2y$10$O/N4acT4QRv/rtgBhXjjz.oP.c6lDB75Xk6JbsfsYbaw7ZD6Jtlma',1,NULL,NULL,'2025-04-26 10:09:03','voter','Asha','Mariam','Fatma',NULL,1,2,1,NULL,0,NULL,NULL,''),(104,'T22-01-00104','mohamed.hamisi3@gmail.com','UDOSO','$2y$10$O/N4acT4QRv/rtgBhXjjz.oP.c6lDB75Xk6JbsfsYbaw7ZD6Jtlma',1,NULL,NULL,'2025-04-26 10:09:03','voter','Mohamed','Rashid','Hamisi',NULL,1,3,1,NULL,0,NULL,NULL,''),(105,'T22-01-00105','nuru.zuhura3@yahoo.com','UDOSO','$2y$10$O/N4acT4QRv/rtgBhXjjz.oP.c6lDB75Xk6JbsfsYbaw7ZD6Jtlma',1,NULL,NULL,'2025-04-26 10:09:03','voter','Nuru','Zuhura','Khamis',NULL,1,3,1,NULL,0,NULL,NULL,''),(106,'T22-01-00106','abdul.said3@outlook.com','UDOSO','$2y$10$O/N4acT4QRv/rtgBhXjjz.oP.c6lDB75Xk6JbsfsYbaw7ZD6Jtlma',1,NULL,NULL,'2025-04-26 10:09:03','voter','Abdul','Mwinyi','Said',NULL,1,3,1,NULL,0,NULL,NULL,''),(107,'T22-01-00107','ashura.amina3@gmail.com','UDOSO','$2y$10$O/N4acT4QRv/rtgBhXjjz.oP.c6lDB75Xk6JbsfsYbaw7ZD6Jtlma',1,NULL,NULL,'2025-04-26 10:09:03','voter','Ashura','Hussein','Amina',NULL,1,3,1,NULL,0,NULL,NULL,''),(108,'T22-01-00108','saidi.bakari3@outlook.com','UDOSO','$2y$10$O/N4acT4QRv/rtgBhXjjz.oP.c6lDB75Xk6JbsfsYbaw7ZD6Jtlma',1,NULL,NULL,'2025-04-26 10:09:03','voter','Saidi','Juma','Bakari',NULL,1,3,1,NULL,0,NULL,NULL,''),(109,'T22-01-00109','halima.mwajuma3@gmail.com','UDOSO','$2y$10$O/N4acT4QRv/rtgBhXjjz.oP.c6lDB75Xk6JbsfsYbaw7ZD6Jtlma',1,NULL,NULL,'2025-04-26 10:09:03','voter','Halima','Suleiman','Mwajuma',NULL,1,3,1,NULL,0,NULL,NULL,''),(110,'T22-01-00110','ramadhani.hassan3@yahoo.com','UDOSO','$2y$10$O/N4acT4QRv/rtgBhXjjz.oP.c6lDB75Xk6JbsfsYbaw7ZD6Jtlma',1,NULL,NULL,'2025-04-26 10:09:03','voter','Ramadhani','Issack','Hassan',NULL,1,3,1,NULL,0,NULL,NULL,''),(111,'T22-01-00111','mwanahamisi.zainabu3@outlook.com','UDOSO','$2y$10$O/N4acT4QRv/rtgBhXjjz.oP.c6lDB75Xk6JbsfsYbaw7ZD6Jtlma',1,NULL,NULL,'2025-04-26 10:09:03','voter','Mwanahamisi','Omar','Zainabu',NULL,1,3,1,NULL,0,NULL,NULL,''),(112,'T22-01-00112','yusuph.salum3@gmail.com','UDOSO','$2y$10$O/N4acT4QRv/rtgBhXjjz.oP.c6lDB75Xk6JbsfsYbaw7ZD6Jtlma',1,NULL,NULL,'2025-04-26 10:09:03','voter','Yusuph','Mwita','Salum',NULL,1,3,1,NULL,0,NULL,NULL,''),(113,'T22-01-00113','nuru.fatma3@outlook.com','UDOSO','$2y$10$O/N4acT4QRv/rtgBhXjjz.oP.c6lDB75Xk6JbsfsYbaw7ZD6Jtlma',1,NULL,NULL,'2025-04-26 10:09:03','voter','Nuru','Haji','Fatma',NULL,1,3,1,NULL,0,NULL,NULL,''),(114,'T22-01-00114','salma.asha3@gmail.com','UDOSO','$2y$10$O/N4acT4QRv/rtgBhXjjz.oP.c6lDB75Xk6JbsfsYbaw7ZD6Jtlma',1,NULL,NULL,'2025-04-26 10:09:03','voter','Salma','Kassim','Asha',NULL,1,3,1,NULL,0,NULL,NULL,''),(115,'T22-01-00115','hamad.juma3@outlook.com','UDOSO','$2y$10$O/N4acT4QRv/rtgBhXjjz.oP.c6lDB75Xk6JbsfsYbaw7ZD6Jtlma',1,NULL,NULL,'2025-04-26 10:09:03','voter','Hamad','Khalfan','Juma',NULL,1,3,1,NULL,0,NULL,NULL,''),(116,'T22-01-00116','aisha.mariam3@gmail.com','UDOSO','$2y$10$O/N4acT4QRv/rtgBhXjjz.oP.c6lDB75Xk6JbsfsYbaw7ZD6Jtlma',1,NULL,NULL,'2025-04-26 10:09:03','voter','Aisha','Mohamed','Mariam',NULL,1,3,1,NULL,0,NULL,NULL,''),(117,'T22-01-00117','khadija.fatma3@outlook.com','UDOSO','$2y$10$O/N4acT4QRv/rtgBhXjjz.oP.c6lDB75Xk6JbsfsYbaw7ZD6Jtlma',1,NULL,NULL,'2025-04-26 10:09:03','voter','Khadija','Said','Fatma',NULL,1,3,1,NULL,0,NULL,NULL,''),(118,'T22-01-00118','jafari.hassan3@gmail.com','UDOSO','$2y$10$O/N4acT4QRv/rtgBhXjjz.oP.c6lDB75Xk6JbsfsYbaw7ZD6Jtlma',1,NULL,NULL,'2025-04-26 10:09:03','voter','Jafari','Ramadhani','Hassan',NULL,1,3,1,NULL,0,NULL,NULL,''),(119,'T22-01-00119','mgeni.salum3@outlook.com','UDOSO','$2y$10$O/N4acT4QRv/rtgBhXjjz.oP.c6lDB75Xk6JbsfsYbaw7ZD6Jtlma',1,NULL,NULL,'2025-04-26 10:09:03','voter','Mgeni','Abdallah','Salum',NULL,1,3,1,NULL,0,NULL,NULL,''),(120,'T22-01-00120','zawadi.amina3@gmail.com','UDOSO','$2y$10$O/N4acT4QRv/rtgBhXjjz.oP.c6lDB75Xk6JbsfsYbaw7ZD6Jtlma',1,NULL,NULL,'2025-04-26 10:09:03','voter','Zawadi','Mwinyi','Amina',NULL,1,3,1,NULL,0,NULL,NULL,''),(121,'T22-01-00121','fatma.juma3@outlook.com','UDOSO','$2y$10$O/N4acT4QRv/rtgBhXjjz.oP.c6lDB75Xk6JbsfsYbaw7ZD6Jtlma',1,NULL,NULL,'2025-04-26 10:09:03','voter','Fatma','Juma','Asha',NULL,1,3,1,NULL,0,NULL,NULL,''),(122,'T22-01-00122','mariam.juma4@gmail.com','UDOSO','$2y$10$O/N4acT4QRv/rtgBhXjjz.oP.c6lDB75Xk6JbsfsYbaw7ZD6Jtlma',1,NULL,NULL,'2025-04-26 10:09:03','voter','Mariam','Asha','Juma',NULL,1,3,1,NULL,0,NULL,NULL,''),(123,'T22-01-00123','juma.mohamed4@outlook.com','UDOSO','$2y$10$O/N4acT4QRv/rtgBhXjjz.oP.c6lDB75Xk6JbsfsYbaw7ZD6Jtlma',1,NULL,NULL,'2025-04-26 10:09:03','voter','Juma','Hassan','Mohamed',NULL,1,3,1,NULL,0,NULL,NULL,''),(124,'T22-01-00124','fatuma.ali4@gmail.com','UDOSO','$2y$10$O/N4acT4QRv/rtgBhXjjz.oP.c6lDB75Xk6JbsfsYbaw7ZD6Jtlma',1,NULL,NULL,'2025-04-26 10:09:03','voter','Fatuma','Salum','Ali',NULL,1,3,1,NULL,0,NULL,NULL,''),(125,'T22-01-00125','hamisi.rashid4@yahoo.com','UDOSO','$2y$10$O/N4acT4QRv/rtgBhXjjz.oP.c6lDB75Xk6JbsfsYbaw7ZD6Jtlma',1,NULL,NULL,'2025-04-26 10:09:03','voter','Hamisi','Omar','Rashid',NULL,1,3,1,NULL,0,NULL,NULL,''),(126,'T22-01-00126','zainab.khamis4@outlook.com','UDOSO','$2y$10$O/N4acT4QRv/rtgBhXjjz.oP.c6lDB75Xk6JbsfsYbaw7ZD6Jtlma',1,NULL,NULL,'2025-04-26 10:09:03','voter','Zainab','Mwajuma','Khamis',NULL,1,3,1,NULL,0,NULL,NULL,''),(127,'T22-01-00127','abdul.mwinyi4@gmail.com','UDOSO','$2y$10$O/N4acT4QRv/rtgBhXjjz.oP.c6lDB75Xk6JbsfsYbaw7ZD6Jtlma',1,NULL,NULL,'2025-04-26 10:09:03','voter','Abdul','Said','Mwinyi',NULL,1,3,1,NULL,0,NULL,NULL,''),(128,'T22-01-00128','ashura.hussein4@outlook.com','UDOSO','$2y$10$O/N4acT4QRv/rtgBhXjjz.oP.c6lDB75Xk6JbsfsYbaw7ZD6Jtlma',1,NULL,NULL,'2025-04-26 10:09:03','voter','Ashura','Fatma','Hussein',NULL,1,3,1,NULL,0,NULL,NULL,''),(129,'T22-01-00129','saidi.bakari4@gmail.com','UDOSO','$2y$10$O/N4acT4QRv/rtgBhXjjz.oP.c6lDB75Xk6JbsfsYbaw7ZD6Jtlma',1,NULL,NULL,'2025-04-26 10:09:03','voter','Saidi','Juma','Bakari',NULL,1,3,1,NULL,0,NULL,NULL,''),(130,'T22-01-00130','halima.suleiman4@yahoo.com','UDOSO','$2y$10$O/N4acT4QRv/rtgBhXjjz.oP.c6lDB75Xk6JbsfsYbaw7ZD6Jtlma',1,NULL,NULL,'2025-04-26 10:09:03','voter','Halima','Amina','Suleiman',NULL,1,3,1,NULL,0,NULL,NULL,''),(131,'T22-01-00131','ramadhani.issack4@gmail.com','UDOSO','$2y$10$O/N4acT4QRv/rtgBhXjjz.oP.c6lDB75Xk6JbsfsYbaw7ZD6Jtlma',1,NULL,NULL,'2025-04-26 10:09:03','voter','Ramadhani','Hassan','Issack',NULL,1,3,1,NULL,0,NULL,NULL,''),(132,'T22-01-00132','mwanahamisi.omar4@outlook.com','UDOSO','$2y$10$O/N4acT4QRv/rtgBhXjjz.oP.c6lDB75Xk6JbsfsYbaw7ZD6Jtlma',1,NULL,NULL,'2025-04-26 10:09:03','voter','Mwanahamisi','Zuhura','Omar',NULL,1,3,1,NULL,0,NULL,NULL,''),(133,'T22-01-00133','yusuph.mwita4@gmail.com','UDOSO','$2y$10$O/N4acT4QRv/rtgBhXjjz.oP.c6lDB75Xk6JbsfsYbaw7ZD6Jtlma',1,NULL,NULL,'2025-04-26 10:09:03','voter','Yusuph','Salum','Mwita',NULL,1,3,1,NULL,0,NULL,NULL,''),(134,'T22-01-00134','nuru.haji4@yahoo.com','UDOSO','$2y$10$O/N4acT4QRv/rtgBhXjjz.oP.c6lDB75Xk6JbsfsYbaw7ZD6Jtlma',1,NULL,NULL,'2025-04-26 10:09:03','voter','Nuru','Fatma','Haji',NULL,1,3,1,NULL,0,NULL,NULL,''),(135,'T22-01-00135','salma.kassim4@outlook.com','UDOSO','$2y$10$O/N4acT4QRv/rtgBhXjjz.oP.c6lDB75Xk6JbsfsYbaw7ZD6Jtlma',1,NULL,NULL,'2025-04-26 10:09:03','voter','Salma','Asha','Kassim',NULL,1,3,1,NULL,0,NULL,NULL,''),(136,'T22-01-00136','hamad.khalfan4@gmail.com','UDOSO','$2y$10$O/N4acT4QRv/rtgBhXjjz.oP.c6lDB75Xk6JbsfsYbaw7ZD6Jtlma',1,NULL,NULL,'2025-04-26 10:09:03','voter','Hamad','Juma','Khalfan',NULL,1,3,1,NULL,0,NULL,NULL,''),(137,'T22-01-00137','aisha.mohamed4@yahoo.com','UDOSO','$2y$10$O/N4acT4QRv/rtgBhXjjz.oP.c6lDB75Xk6JbsfsYbaw7ZD6Jtlma',1,NULL,NULL,'2025-04-26 10:09:03','voter','Aisha','Mariam','Mohamed',NULL,1,3,1,NULL,0,NULL,NULL,''),(138,'T22-01-00138','khadija.said4@outlook.com','UDOSO','$2y$10$O/N4acT4QRv/rtgBhXjjz.oP.c6lDB75Xk6JbsfsYbaw7ZD6Jtlma',1,NULL,NULL,'2025-04-26 10:09:03','voter','Khadija','Fatma','Said',NULL,1,3,1,NULL,0,NULL,NULL,''),(139,'T22-01-00139','jafari.ramadhani4@gmail.com','UDOSO','$2y$10$O/N4acT4QRv/rtgBhXjjz.oP.c6lDB75Xk6JbsfsYbaw7ZD6Jtlma',1,NULL,NULL,'2025-04-26 10:09:03','voter','Jafari','Hassan','Ramadhani',NULL,1,3,1,NULL,0,NULL,NULL,''),(140,'T22-01-00140','mgeni.abdallah4@outlook.com','UDOSO','$2y$10$O/N4acT4QRv/rtgBhXjjz.oP.c6lDB75Xk6JbsfsYbaw7ZD6Jtlma',1,NULL,NULL,'2025-04-26 10:09:03','voter','Mgeni','Salum','Abdallah',NULL,1,3,1,NULL,0,NULL,NULL,''),(141,'T22-01-00141','zawadi.mwinyi4@gmail.com','UDOSO','$2y$10$O/N4acT4QRv/rtgBhXjjz.oP.c6lDB75Xk6JbsfsYbaw7ZD6Jtlma',1,NULL,NULL,'2025-04-26 10:09:03','voter','Zawadi','Amina','Mwinyi',NULL,1,3,1,NULL,0,NULL,NULL,''),(142,'T22-01-00142','salum.hassan4@outlook.com','UDOSO','$2y$10$O/N4acT4QRv/rtgBhXjjz.oP.c6lDB75Xk6JbsfsYbaw7ZD6Jtlma',1,NULL,NULL,'2025-04-26 10:09:03','voter','Salum','Juma','Hassan',NULL,1,3,1,NULL,0,NULL,NULL,''),(143,'T22-01-00143','fatma.omar4@gmail.com','UDOSO','$2y$10$O/N4acT4QRv/rtgBhXjjz.oP.c6lDB75Xk6JbsfsYbaw7ZD6Jtlma',1,NULL,NULL,'2025-04-26 10:09:03','voter','Fatma','Asha','Omar',NULL,1,3,1,NULL,0,NULL,NULL,''),(144,'T22-01-00144','mohamed.rashid4@yahoo.com','UDOSO','$2y$10$O/N4acT4QRv/rtgBhXjjz.oP.c6lDB75Xk6JbsfsYbaw7ZD6Jtlma',1,NULL,NULL,'2025-04-26 10:09:03','voter','Mohamed','Hamisi','Rashid',NULL,1,3,1,NULL,0,NULL,NULL,''),(145,'T22-01-00145','zuhura.khamis4@outlook.com','UDOSO','$2y$10$O/N4acT4QRv/rtgBhXjjz.oP.c6lDB75Xk6JbsfsYbaw7ZD6Jtlma',1,NULL,NULL,'2025-04-26 10:09:03','voter','Zuhura','Nuru','Khamis',NULL,1,3,1,NULL,0,NULL,NULL,''),(146,'T22-01-00146','said.mwinyi4@gmail.com','UDOSO','$2y$10$O/N4acT4QRv/rtgBhXjjz.oP.c6lDB75Xk6JbsfsYbaw7ZD6Jtlma',1,NULL,NULL,'2025-04-26 10:09:03','voter','Said','Abdul','Mwinyi',NULL,1,3,1,NULL,0,NULL,NULL,''),(147,'T22-01-00147','amina.hussein4@outlook.com','UDOSO','$2y$10$O/N4acT4QRv/rtgBhXjjz.oP.c6lDB75Xk6JbsfsYbaw7ZD6Jtlma',1,NULL,NULL,'2025-04-26 10:09:03','voter','Amina','Ashura','Hussein',NULL,1,3,1,NULL,0,NULL,NULL,''),(148,'T22-01-00148','bakari.juma4@gmail.com','UDOSO','$2y$10$O/N4acT4QRv/rtgBhXjjz.oP.c6lDB75Xk6JbsfsYbaw7ZD6Jtlma',1,NULL,NULL,'2025-04-26 10:09:03','voter','Bakari','Saidi','Juma',NULL,1,3,1,NULL,0,NULL,NULL,''),(149,'T22-01-00149','mwajuma.suleiman4@yahoo.com','UDOSO','$2y$10$O/N4acT4QRv/rtgBhXjjz.oP.c6lDB75Xk6JbsfsYbaw7ZD6Jtlma',1,NULL,NULL,'2025-04-26 10:09:03','voter','Mwajuma','Halima','Suleiman',NULL,1,3,1,NULL,0,NULL,NULL,''),(150,'T22-01-00150','hassan.issack4@gmail.com','UDOSO','$2y$10$O/N4acT4QRv/rtgBhXjjz.oP.c6lDB75Xk6JbsfsYbaw7ZD6Jtlma',1,NULL,NULL,'2025-04-26 10:09:03','voter','Hassan','Ramadhani','Issack',NULL,1,3,1,NULL,0,NULL,NULL,''),(151,'T22-01-00151','zainabu.omar4@outlook.com','UDOSO','$2y$10$O/N4acT4QRv/rtgBhXjjz.oP.c6lDB75Xk6JbsfsYbaw7ZD6Jtlma',1,NULL,NULL,'2025-04-26 10:09:03','voter','Zainabu','Mwanahamisi','Omar',NULL,1,3,1,NULL,0,NULL,NULL,''),(152,'T22-01-00152','salum.mwita4@gmail.com','UDOSO','$2y$10$O/N4acT4QRv/rtgBhXjjz.oP.c6lDB75Xk6JbsfsYbaw7ZD6Jtlma',1,NULL,NULL,'2025-04-26 10:09:03','voter','Salum','Yusuph','Mwita',NULL,1,3,1,NULL,0,NULL,NULL,''),(153,'T22-01-00153','fatuma.haji4@yahoo.com','UDOSO','$2y$10$O/N4acT4QRv/rtgBhXjjz.oP.c6lDB75Xk6JbsfsYbaw7ZD6Jtlma',1,NULL,NULL,'2025-04-26 10:09:03','voter','Fatuma','Nuru','Haji',NULL,1,3,1,NULL,0,NULL,NULL,''),(154,'T22-01-00154','asha.kassim4@outlook.com','UDOSO','$2y$10$O/N4acT4QRv/rtgBhXjjz.oP.c6lDB75Xk6JbsfsYbaw7ZD6Jtlma',1,NULL,NULL,'2025-04-26 10:09:03','voter','Asha','Salma','Kassim',NULL,1,4,1,NULL,0,NULL,NULL,''),(155,'T22-01-00155','juma.khalfan4@gmail.com','UDOSO','$2y$10$O/N4acT4QRv/rtgBhXjjz.oP.c6lDB75Xk6JbsfsYbaw7ZD6Jtlma',1,NULL,NULL,'2025-04-26 10:09:03','voter','Juma','Hamad','Khalfan',NULL,1,4,1,NULL,0,NULL,NULL,''),(156,'T22-01-00156','mariam.mohamed4@yahoo.com','UDOSO','$2y$10$O/N4acT4QRv/rtgBhXjjz.oP.c6lDB75Xk6JbsfsYbaw7ZD6Jtlma',1,NULL,NULL,'2025-04-26 10:09:03','voter','Mariam','Aisha','Mohamed',NULL,1,4,1,NULL,0,NULL,NULL,''),(157,'T22-01-00157','fatma.said4@outlook.com','UDOSO','$2y$10$O/N4acT4QRv/rtgBhXjjz.oP.c6lDB75Xk6JbsfsYbaw7ZD6Jtlma',1,NULL,NULL,'2025-04-26 10:09:03','voter','Fatma','Khadija','Said',NULL,1,4,1,NULL,0,NULL,NULL,''),(158,'T22-01-00158','hassan.ramadhani4@gmail.com','UDOSO','$2y$10$O/N4acT4QRv/rtgBhXjjz.oP.c6lDB75Xk6JbsfsYbaw7ZD6Jtlma',1,NULL,NULL,'2025-04-26 10:09:03','voter','Hassan','Jafari','Ramadhani',NULL,1,4,1,NULL,0,NULL,NULL,''),(159,'T22-01-00159','salum.abdallah4@outlook.com','UDOSO','$2y$10$O/N4acT4QRv/rtgBhXjjz.oP.c6lDB75Xk6JbsfsYbaw7ZD6Jtlma',1,NULL,NULL,'2025-04-26 10:09:03','voter','Salum','Mgeni','Abdallah',NULL,1,4,1,NULL,0,NULL,NULL,''),(160,'T22-01-00160','amina.mwinyi4@gmail.com','UDOSO','$2y$10$O/N4acT4QRv/rtgBhXjjz.oP.c6lDB75Xk6JbsfsYbaw7ZD6Jtlma',1,NULL,NULL,'2025-04-26 10:09:03','voter','Amina','Zawadi','Mwinyi',NULL,1,4,1,NULL,0,NULL,NULL,''),(161,'T22-01-00161','juma.salum4@gmail.com','UDOSO','$2y$10$O/N4acT4QRv/rtgBhXjjz.oP.c6lDB75Xk6JbsfsYbaw7ZD6Jtlma',1,NULL,NULL,'2025-04-26 10:09:03','voter','Juma','Hassan','Salum',NULL,1,4,1,NULL,0,NULL,NULL,''),(162,'T22-01-00162','asha.fatma4@outlook.com','UDOSO','$2y$10$O/N4acT4QRv/rtgBhXjjz.oP.c6lDB75Xk6JbsfsYbaw7ZD6Jtlma',1,NULL,NULL,'2025-04-26 10:09:03','voter','Asha','Mariam','Fatma',NULL,1,4,1,NULL,0,NULL,NULL,''),(163,'T22-01-00163','mohamed.hamisi4@gmail.com','UDOSO','$2y$10$O/N4acT4QRv/rtgBhXjjz.oP.c6lDB75Xk6JbsfsYbaw7ZD6Jtlma',1,NULL,NULL,'2025-04-26 10:09:03','voter','Mohamed','Rashid','Hamisi',NULL,1,4,1,NULL,0,NULL,NULL,''),(164,'T22-01-00164','nuru.zuhura4@yahoo.com','UDOSO','$2y$10$O/N4acT4QRv/rtgBhXjjz.oP.c6lDB75Xk6JbsfsYbaw7ZD6Jtlma',1,NULL,NULL,'2025-04-26 10:09:03','voter','Nuru','Zuhura','Khamis',NULL,1,4,1,NULL,0,NULL,NULL,''),(165,'T22-01-00165','abdul.said4@outlook.com','UDOSO','$2y$10$O/N4acT4QRv/rtgBhXjjz.oP.c6lDB75Xk6JbsfsYbaw7ZD6Jtlma',1,NULL,NULL,'2025-04-26 10:09:03','voter','Abdul','Mwinyi','Said',NULL,1,4,1,NULL,0,NULL,NULL,''),(166,'T22-01-00166','ashura.amina4@gmail.com','UDOSO','$2y$10$O/N4acT4QRv/rtgBhXjjz.oP.c6lDB75Xk6JbsfsYbaw7ZD6Jtlma',1,NULL,NULL,'2025-04-26 10:09:03','voter','Ashura','Hussein','Amina',NULL,1,4,1,NULL,0,NULL,NULL,''),(167,'T22-01-00167','saidi.bakari4@outlook.com','UDOSO','$2y$10$O/N4acT4QRv/rtgBhXjjz.oP.c6lDB75Xk6JbsfsYbaw7ZD6Jtlma',1,NULL,NULL,'2025-04-26 10:09:03','voter','Saidi','Juma','Bakari',NULL,1,4,1,NULL,0,NULL,NULL,''),(168,'T22-01-00168','halima.mwajuma4@gmail.com','UDOSO','$2y$10$O/N4acT4QRv/rtgBhXjjz.oP.c6lDB75Xk6JbsfsYbaw7ZD6Jtlma',1,NULL,NULL,'2025-04-26 10:09:03','voter','Halima','Suleiman','Mwajuma',NULL,1,4,1,NULL,0,NULL,NULL,''),(169,'T22-01-00169','ramadhani.hassan4@yahoo.com','UDOSO','$2y$10$O/N4acT4QRv/rtgBhXjjz.oP.c6lDB75Xk6JbsfsYbaw7ZD6Jtlma',1,NULL,NULL,'2025-04-26 10:09:03','voter','Ramadhani','Issack','Hassan',NULL,1,4,1,NULL,0,NULL,NULL,''),(170,'T22-01-00170','mwanahamisi.zainabu4@outlook.com','UDOSO','$2y$10$O/N4acT4QRv/rtgBhXjjz.oP.c6lDB75Xk6JbsfsYbaw7ZD6Jtlma',1,NULL,NULL,'2025-04-26 10:09:03','voter','Mwanahamisi','Omar','Zainabu',NULL,1,4,1,NULL,0,NULL,NULL,''),(171,'T22-01-00171','yusuph.salum4@gmail.com','UDOSO','$2y$10$O/N4acT4QRv/rtgBhXjjz.oP.c6lDB75Xk6JbsfsYbaw7ZD6Jtlma',1,NULL,NULL,'2025-04-26 10:09:03','voter','Yusuph','Mwita','Salum',NULL,1,4,1,NULL,0,NULL,NULL,''),(172,'T22-01-00172','nuru.fatma4@outlook.com','UDOSO','$2y$10$O/N4acT4QRv/rtgBhXjjz.oP.c6lDB75Xk6JbsfsYbaw7ZD6Jtlma',1,NULL,NULL,'2025-04-26 10:09:03','voter','Nuru','Haji','Fatma',NULL,1,4,1,NULL,0,NULL,NULL,''),(173,'T22-01-00173','salma.asha4@gmail.com','UDOSO','$2y$10$O/N4acT4QRv/rtgBhXjjz.oP.c6lDB75Xk6JbsfsYbaw7ZD6Jtlma',1,NULL,NULL,'2025-04-26 10:09:03','voter','Salma','Kassim','Asha',NULL,1,4,1,NULL,0,NULL,NULL,''),(174,'T22-01-00174','hamad.juma4@outlook.com','UDOSO','$2y$10$O/N4acT4QRv/rtgBhXjjz.oP.c6lDB75Xk6JbsfsYbaw7ZD6Jtlma',1,NULL,NULL,'2025-04-26 10:09:03','voter','Hamad','Khalfan','Juma',NULL,1,4,1,NULL,0,NULL,NULL,''),(175,'T22-01-00175','aisha.mariam4@gmail.com','UDOSO','$2y$10$O/N4acT4QRv/rtgBhXjjz.oP.c6lDB75Xk6JbsfsYbaw7ZD6Jtlma',1,NULL,NULL,'2025-04-26 10:09:03','voter','Aisha','Mohamed','Mariam',NULL,1,4,1,NULL,0,NULL,NULL,''),(176,'T22-01-00176','khadija.fatma4@outlook.com','UDOSO','$2y$10$O/N4acT4QRv/rtgBhXjjz.oP.c6lDB75Xk6JbsfsYbaw7ZD6Jtlma',1,NULL,NULL,'2025-04-26 10:09:03','voter','Khadija','Said','Fatma',NULL,1,4,1,NULL,0,NULL,NULL,''),(177,'T22-01-00177','jafari.hassan4@gmail.com','UDOSO','$2y$10$O/N4acT4QRv/rtgBhXjjz.oP.c6lDB75Xk6JbsfsYbaw7ZD6Jtlma',1,NULL,NULL,'2025-04-26 10:09:03','voter','Jafari','Ramadhani','Hassan',NULL,1,4,1,NULL,0,NULL,NULL,''),(178,'T22-01-00178','mgeni.salum4@outlook.com','UDOSO','$2y$10$O/N4acT4QRv/rtgBhXjjz.oP.c6lDB75Xk6JbsfsYbaw7ZD6Jtlma',1,NULL,NULL,'2025-04-26 10:09:03','voter','Mgeni','Abdallah','Salum',NULL,1,4,1,NULL,0,NULL,NULL,''),(179,'T22-01-00179','zawadi.amina4@gmail.com','UDOSO','$2y$10$O/N4acT4QRv/rtgBhXjjz.oP.c6lDB75Xk6JbsfsYbaw7ZD6Jtlma',1,NULL,NULL,'2025-04-26 10:09:03','voter','Zawadi','Mwinyi','Amina',NULL,1,4,1,NULL,0,NULL,NULL,''),(180,'T22-01-00180','fatma.juma4@outlook.com','UDOSO','$2y$10$O/N4acT4QRv/rtgBhXjjz.oP.c6lDB75Xk6JbsfsYbaw7ZD6Jtlma',1,NULL,NULL,'2025-04-26 10:09:03','voter','Fatma','Juma','Asha',NULL,1,4,1,NULL,0,NULL,NULL,''),(181,'T22-01-00181','mariam.juma5@gmail.com','UDOSO','$2y$10$O/N4acT4QRv/rtgBhXjjz.oP.c6lDB75Xk6JbsfsYbaw7ZD6Jtlma',1,NULL,NULL,'2025-04-26 10:09:03','voter','Mariam','Asha','Juma',NULL,1,4,1,NULL,0,NULL,NULL,''),(182,'T22-01-00182','juma.mohamed5@outlook.com','UDOSO','$2y$10$O/N4acT4QRv/rtgBhXjjz.oP.c6lDB75Xk6JbsfsYbaw7ZD6Jtlma',1,NULL,NULL,'2025-04-26 10:09:03','voter','Juma','Hassan','Mohamed',NULL,1,4,1,NULL,0,NULL,NULL,''),(183,'T22-01-00183','fatuma.ali5@gmail.com','UDOSO','$2y$10$O/N4acT4QRv/rtgBhXjjz.oP.c6lDB75Xk6JbsfsYbaw7ZD6Jtlma',1,NULL,NULL,'2025-04-26 10:09:03','voter','Fatuma','Salum','Ali',NULL,1,4,1,NULL,0,NULL,NULL,''),(184,'T22-01-00184','hamisi.rashid5@yahoo.com','UDOSO','$2y$10$O/N4acT4QRv/rtgBhXjjz.oP.c6lDB75Xk6JbsfsYbaw7ZD6Jtlma',1,NULL,NULL,'2025-04-26 10:09:03','voter','Hamisi','Omar','Rashid',NULL,1,4,1,NULL,0,NULL,NULL,''),(185,'T22-01-00185','zainab.khamis5@outlook.com','UDOSO','$2y$10$O/N4acT4QRv/rtgBhXjjz.oP.c6lDB75Xk6JbsfsYbaw7ZD6Jtlma',1,NULL,NULL,'2025-04-26 10:09:03','voter','Zainab','Mwajuma','Khamis',NULL,1,4,1,NULL,0,NULL,NULL,''),(186,'T22-01-00186','abdul.mwinyi5@gmail.com','UDOSO','$2y$10$O/N4acT4QRv/rtgBhXjjz.oP.c6lDB75Xk6JbsfsYbaw7ZD6Jtlma',1,NULL,NULL,'2025-04-26 10:09:03','voter','Abdul','Said','Mwinyi',NULL,1,4,1,NULL,0,NULL,NULL,''),(187,'T22-01-00187','ashura.hussein5@outlook.com','UDOSO','$2y$10$O/N4acT4QRv/rtgBhXjjz.oP.c6lDB75Xk6JbsfsYbaw7ZD6Jtlma',1,NULL,NULL,'2025-04-26 10:09:03','voter','Ashura','Fatma','Hussein',NULL,1,4,1,NULL,0,NULL,NULL,''),(188,'T22-01-00188','saidi.bakari5@gmail.com','UDOSO','$2y$10$O/N4acT4QRv/rtgBhXjjz.oP.c6lDB75Xk6JbsfsYbaw7ZD6Jtlma',1,NULL,NULL,'2025-04-26 10:09:03','voter','Saidi','Juma','Bakari',NULL,1,4,1,NULL,0,NULL,NULL,''),(189,'T22-01-00189','halima.suleiman5@yahoo.com','UDOSO','$2y$10$O/N4acT4QRv/rtgBhXjjz.oP.c6lDB75Xk6JbsfsYbaw7ZD6Jtlma',1,NULL,NULL,'2025-04-26 10:09:03','voter','Halima','Amina','Suleiman',NULL,1,4,1,NULL,0,NULL,NULL,''),(190,'T22-01-00190','ramadhani.issack5@gmail.com','UDOSO','$2y$10$O/N4acT4QRv/rtgBhXjjz.oP.c6lDB75Xk6JbsfsYbaw7ZD6Jtlma',1,NULL,NULL,'2025-04-26 10:09:03','voter','Ramadhani','Hassan','Issack',NULL,1,4,1,NULL,0,NULL,NULL,''),(191,'T22-01-00191','mwanahamisi.omar5@outlook.com','UDOSO','$2y$10$O/N4acT4QRv/rtgBhXjjz.oP.c6lDB75Xk6JbsfsYbaw7ZD6Jtlma',1,NULL,NULL,'2025-04-26 10:09:03','voter','Mwanahamisi','Zuhura','Omar',NULL,1,4,1,NULL,0,NULL,NULL,''),(192,'T22-01-00192','yusuph.mwita5@gmail.com','UDOSO','$2y$10$O/N4acT4QRv/rtgBhXjjz.oP.c6lDB75Xk6JbsfsYbaw7ZD6Jtlma',1,NULL,NULL,'2025-04-26 10:09:03','voter','Yusuph','Salum','Mwita',NULL,1,4,1,NULL,0,NULL,NULL,''),(193,'T22-01-00193','nuru.haji5@yahoo.com','UDOSO','$2y$10$O/N4acT4QRv/rtgBhXjjz.oP.c6lDB75Xk6JbsfsYbaw7ZD6Jtlma',1,NULL,NULL,'2025-04-26 10:09:03','voter','Nuru','Fatma','Haji',NULL,1,4,1,NULL,0,NULL,NULL,''),(194,'T22-01-00194','salma.kassim5@outlook.com','UDOSO','$2y$10$O/N4acT4QRv/rtgBhXjjz.oP.c6lDB75Xk6JbsfsYbaw7ZD6Jtlma',1,NULL,NULL,'2025-04-26 10:09:03','voter','Salma','Asha','Kassim',NULL,1,4,1,NULL,0,NULL,NULL,''),(195,'T22-01-00195','hamad.khalfan5@gmail.com','UDOSO','$2y$10$O/N4acT4QRv/rtgBhXjjz.oP.c6lDB75Xk6JbsfsYbaw7ZD6Jtlma',1,NULL,NULL,'2025-04-26 10:09:03','voter','Hamad','Juma','Khalfan',NULL,1,4,1,NULL,0,NULL,NULL,''),(196,'T22-01-00196','aisha.mohamed5@yahoo.com','UDOSO','$2y$10$O/N4acT4QRv/rtgBhXjjz.oP.c6lDB75Xk6JbsfsYbaw7ZD6Jtlma',1,NULL,NULL,'2025-04-26 10:09:03','voter','Aisha','Mariam','Mohamed',NULL,1,4,1,NULL,0,NULL,NULL,''),(197,'T22-01-00197','khadija.said5@outlook.com','UDOSO','$2y$10$O/N4acT4QRv/rtgBhXjjz.oP.c6lDB75Xk6JbsfsYbaw7ZD6Jtlma',1,NULL,NULL,'2025-04-26 10:09:03','voter','Khadija','Fatma','Said',NULL,1,4,1,NULL,0,NULL,NULL,''),(198,'T22-01-00199','mgeni.abdallah5@outlook.com','UDOSO','$2y$10$O/N4acT4QRv/rtgBhXjjz.oP.c6lDB75Xk6JbsfsYbaw7ZD6Jtlma',1,NULL,NULL,'2025-04-26 10:09:03','voter','Mgeni','Salum','Abdallah',NULL,1,4,1,NULL,0,NULL,NULL,''),(199,'T22-01-00200','zawadi.mwinyi5@gmail.com','UDOSO','$2y$10$O/N4acT4QRv/rtgBhXjjz.oP.c6lDB75Xk6JbsfsYbaw7ZD6Jtlma',1,NULL,NULL,'2025-04-26 10:09:03','voter','Zawadi','Amina','Mwinyi',NULL,1,4,1,NULL,0,NULL,NULL,''),(200,'T22-01-00201','salum.hassan5@outlook.com','UDOSO','$2y$10$O/N4acT4QRv/rtgBhXjjz.oP.c6lDB75Xk6JbsfsYbaw7ZD6Jtlma',1,NULL,NULL,'2025-04-26 10:09:03','voter','Salum','Juma','Hassan',NULL,1,4,1,NULL,0,NULL,NULL,''),(201,'T22-01-00202','fatma.omar5@gmail.com','UDOSO','$2y$10$O/N4acT4QRv/rtgBhXjjz.oP.c6lDB75Xk6JbsfsYbaw7ZD6Jtlma',1,NULL,NULL,'2025-04-26 10:09:03','voter','Fatma','Asha','Omar',NULL,1,4,1,NULL,0,NULL,NULL,''),(202,'T22-01-00203','mohamed.rashid5@yahoo.com','UDOSO','$2y$10$O/N4acT4QRv/rtgBhXjjz.oP.c6lDB75Xk6JbsfsYbaw7ZD6Jtlma',1,NULL,NULL,'2025-04-26 10:09:03','voter','Mohamed','Hamisi','Rashid',NULL,1,4,1,NULL,0,NULL,NULL,''),(203,'T22-01-00204','zuhura.khamis5@outlook.com','UDOSO','$2y$10$O/N4acT4QRv/rtgBhXjjz.oP.c6lDB75Xk6JbsfsYbaw7ZD6Jtlma',1,NULL,NULL,'2025-04-26 10:09:03','voter','Zuhura','Nuru','Khamis',NULL,1,4,1,NULL,0,NULL,NULL,''),(204,'T22-01-00205','said.mwinyi5@gmail.com','UDOSO','$2y$10$O/N4acT4QRv/rtgBhXjjz.oP.c6lDB75Xk6JbsfsYbaw7ZD6Jtlma',1,NULL,NULL,'2025-04-26 10:09:03','voter','Said','Abdul','Mwinyi',NULL,1,5,1,NULL,0,NULL,NULL,''),(205,'T22-01-00206','amina.hussein5@outlook.com','UDOSO','$2y$10$O/N4acT4QRv/rtgBhXjjz.oP.c6lDB75Xk6JbsfsYbaw7ZD6Jtlma',1,NULL,NULL,'2025-04-26 10:09:03','voter','Amina','Ashura','Hussein',NULL,1,5,1,NULL,0,NULL,NULL,''),(206,'T22-01-00207','bakari.juma5@gmail.com','UDOSO','$2y$10$O/N4acT4QRv/rtgBhXjjz.oP.c6lDB75Xk6JbsfsYbaw7ZD6Jtlma',1,NULL,NULL,'2025-04-26 10:09:03','voter','Bakari','Saidi','Juma',NULL,1,5,1,NULL,0,NULL,NULL,''),(207,'T22-01-00208','mwajuma.suleiman5@yahoo.com','UDOSO','$2y$10$O/N4acT4QRv/rtgBhXjjz.oP.c6lDB75Xk6JbsfsYbaw7ZD6Jtlma',1,NULL,NULL,'2025-04-26 10:09:03','voter','Mwajuma','Halima','Suleiman',NULL,1,5,1,NULL,0,NULL,NULL,''),(208,'T22-01-00209','hassan.issack5@gmail.com','UDOSO','$2y$10$O/N4acT4QRv/rtgBhXjjz.oP.c6lDB75Xk6JbsfsYbaw7ZD6Jtlma',1,NULL,NULL,'2025-04-26 10:09:03','voter','Hassan','Ramadhani','Issack',NULL,1,5,1,NULL,0,NULL,NULL,''),(209,'T22-01-00210','zainabu.omar5@outlook.com','UDOSO','$2y$10$O/N4acT4QRv/rtgBhXjjz.oP.c6lDB75Xk6JbsfsYbaw7ZD6Jtlma',1,NULL,NULL,'2025-04-26 10:09:03','voter','Zainabu','Mwanahamisi','Omar',NULL,1,5,1,NULL,0,NULL,NULL,''),(210,'T22-01-00211','salum.mwita5@gmail.com','UDOSO','$2y$10$O/N4acT4QRv/rtgBhXjjz.oP.c6lDB75Xk6JbsfsYbaw7ZD6Jtlma',1,NULL,NULL,'2025-04-26 10:09:03','voter','Salum','Yusuph','Mwita',NULL,1,5,1,NULL,0,NULL,NULL,''),(211,'T22-01-00212','fatuma.haji5@yahoo.com','UDOSO','$2y$10$O/N4acT4QRv/rtgBhXjjz.oP.c6lDB75Xk6JbsfsYbaw7ZD6Jtlma',1,NULL,NULL,'2025-04-26 10:09:03','voter','Fatuma','Nuru','Haji',NULL,1,5,1,NULL,0,NULL,NULL,''),(212,'T22-01-00213','asha.kassim5@outlook.com','UDOSO','$2y$10$O/N4acT4QRv/rtgBhXjjz.oP.c6lDB75Xk6JbsfsYbaw7ZD6Jtlma',1,NULL,NULL,'2025-04-26 10:09:03','voter','Asha','Salma','Kassim',NULL,1,5,1,NULL,0,NULL,NULL,''),(213,'T22-01-00214','juma.khalfan5@gmail.com','UDOSO','$2y$10$O/N4acT4QRv/rtgBhXjjz.oP.c6lDB75Xk6JbsfsYbaw7ZD6Jtlma',1,NULL,NULL,'2025-04-26 10:09:03','voter','Juma','Hamad','Khalfan',NULL,1,5,1,NULL,0,NULL,NULL,''),(214,'T22-01-00215','mariam.mohamed5@yahoo.com','UDOSO','$2y$10$O/N4acT4QRv/rtgBhXjjz.oP.c6lDB75Xk6JbsfsYbaw7ZD6Jtlma',1,NULL,NULL,'2025-04-26 10:09:03','voter','Mariam','Aisha','Mohamed',NULL,1,5,1,NULL,0,NULL,NULL,''),(215,'T22-01-00216','fatma.said5@outlook.com','UDOSO','$2y$10$O/N4acT4QRv/rtgBhXjjz.oP.c6lDB75Xk6JbsfsYbaw7ZD6Jtlma',1,NULL,NULL,'2025-04-26 10:09:03','voter','Fatma','Khadija','Said',NULL,1,5,1,NULL,0,NULL,NULL,''),(216,'T22-01-00217','hassan.ramadhani5@gmail.com','UDOSO','$2y$10$O/N4acT4QRv/rtgBhXjjz.oP.c6lDB75Xk6JbsfsYbaw7ZD6Jtlma',1,NULL,NULL,'2025-04-26 10:09:03','voter','Hassan','Jafari','Ramadhani',NULL,1,5,1,NULL,0,NULL,NULL,''),(217,'T22-01-00218','salum.abdallah5@outlook.com','UDOSO','$2y$10$O/N4acT4QRv/rtgBhXjjz.oP.c6lDB75Xk6JbsfsYbaw7ZD6Jtlma',1,NULL,NULL,'2025-04-26 10:09:03','voter','Salum','Mgeni','Abdallah',NULL,1,5,1,NULL,0,NULL,NULL,''),(218,'T22-01-00219','amina.mwinyi5@gmail.com','UDOSO','$2y$10$O/N4acT4QRv/rtgBhXjjz.oP.c6lDB75Xk6JbsfsYbaw7ZD6Jtlma',1,NULL,NULL,'2025-04-26 10:09:03','voter','Amina','Zawadi','Mwinyi',NULL,1,5,1,NULL,0,NULL,NULL,''),(219,'T22-01-00220','juma.salum5@gmail.com','UDOSO','$2y$10$O/N4acT4QRv/rtgBhXjjz.oP.c6lDB75Xk6JbsfsYbaw7ZD6Jtlma',1,NULL,NULL,'2025-04-26 10:09:03','voter','Juma','Hassan','Salum',NULL,1,5,1,NULL,0,NULL,NULL,''),(220,'T22-01-00221','asha.fatma5@outlook.com','UDOSO','$2y$10$O/N4acT4QRv/rtgBhXjjz.oP.c6lDB75Xk6JbsfsYbaw7ZD6Jtlma',1,NULL,NULL,'2025-04-26 10:09:03','voter','Asha','Mariam','Fatma',NULL,1,5,1,NULL,0,NULL,NULL,''),(221,'T22-01-00222','mohamed.hamisi5@gmail.com','UDOSO','$2y$10$O/N4acT4QRv/rtgBhXjjz.oP.c6lDB75Xk6JbsfsYbaw7ZD6Jtlma',1,NULL,NULL,'2025-04-26 10:09:03','voter','Mohamed','Rashid','Hamisi',NULL,1,5,1,NULL,0,NULL,NULL,''),(222,'T22-01-00223','nuru.zuhura5@yahoo.com','UDOSO','$2y$10$O/N4acT4QRv/rtgBhXjjz.oP.c6lDB75Xk6JbsfsYbaw7ZD6Jtlma',1,NULL,NULL,'2025-04-26 10:09:03','voter','Nuru','Zuhura','Khamis',NULL,1,5,1,NULL,0,NULL,NULL,''),(223,'T22-01-00224','abdul.said5@outlook.com','UDOSO','$2y$10$O/N4acT4QRv/rtgBhXjjz.oP.c6lDB75Xk6JbsfsYbaw7ZD6Jtlma',1,NULL,NULL,'2025-04-26 10:09:03','voter','Abdul','Mwinyi','Said',NULL,1,5,1,NULL,0,NULL,NULL,''),(224,'T22-01-00225','ashura.amina5@gmail.com','UDOSO','$2y$10$O/N4acT4QRv/rtgBhXjjz.oP.c6lDB75Xk6JbsfsYbaw7ZD6Jtlma',1,NULL,NULL,'2025-04-26 10:09:03','voter','Ashura','Hussein','Amina',NULL,1,5,1,NULL,0,NULL,NULL,''),(225,'T22-01-00226','saidi.bakari5@outlook.com','UDOSO','$2y$10$O/N4acT4QRv/rtgBhXjjz.oP.c6lDB75Xk6JbsfsYbaw7ZD6Jtlma',1,NULL,NULL,'2025-04-26 10:09:03','voter','Saidi','Juma','Bakari',NULL,1,5,1,NULL,0,NULL,NULL,''),(226,'T22-01-00227','halima.mwajuma5@gmail.com','UDOSO','$2y$10$O/N4acT4QRv/rtgBhXjjz.oP.c6lDB75Xk6JbsfsYbaw7ZD6Jtlma',1,NULL,NULL,'2025-04-26 10:09:03','voter','Halima','Suleiman','Mwajuma',NULL,1,5,1,NULL,0,NULL,NULL,''),(227,'T22-01-00228','ramadhani.hassan5@yahoo.com','UDOSO','$2y$10$O/N4acT4QRv/rtgBhXjjz.oP.c6lDB75Xk6JbsfsYbaw7ZD6Jtlma',1,NULL,NULL,'2025-04-26 10:09:03','voter','Ramadhani','Issack','Hassan',NULL,1,5,1,NULL,0,NULL,NULL,''),(228,'T22-01-00229','mwanahamisi.zainabu5@outlook.com','UDOSO','$2y$10$O/N4acT4QRv/rtgBhXjjz.oP.c6lDB75Xk6JbsfsYbaw7ZD6Jtlma',1,NULL,NULL,'2025-04-26 10:09:03','voter','Mwanahamisi','Omar','Zainabu',NULL,1,5,1,NULL,0,NULL,NULL,''),(229,'T22-01-00230','yusuph.salum5@gmail.com','UDOSO','$2y$10$O/N4acT4QRv/rtgBhXjjz.oP.c6lDB75Xk6JbsfsYbaw7ZD6Jtlma',1,NULL,NULL,'2025-04-26 10:09:03','voter','Yusuph','Mwita','Salum',NULL,1,5,1,NULL,0,NULL,NULL,''),(230,'T22-01-00231','nuru.fatma5@outlook.com','UDOSO','$2y$10$O/N4acT4QRv/rtgBhXjjz.oP.c6lDB75Xk6JbsfsYbaw7ZD6Jtlma',1,NULL,NULL,'2025-04-26 10:09:03','voter','Nuru','Haji','Fatma',NULL,1,5,1,NULL,0,NULL,NULL,''),(231,'T22-01-00232','salma.asha5@gmail.com','UDOSO','$2y$10$O/N4acT4QRv/rtgBhXjjz.oP.c6lDB75Xk6JbsfsYbaw7ZD6Jtlma',1,NULL,NULL,'2025-04-26 10:09:03','voter','Salma','Kassim','Asha',NULL,1,5,1,NULL,0,NULL,NULL,''),(232,'T22-01-00233','hamad.juma5@outlook.com','UDOSO','$2y$10$O/N4acT4QRv/rtgBhXjjz.oP.c6lDB75Xk6JbsfsYbaw7ZD6Jtlma',1,NULL,NULL,'2025-04-26 10:09:03','voter','Hamad','Khalfan','Juma',NULL,1,5,1,NULL,0,NULL,NULL,''),(233,'T22-01-00234','aisha.mariam5@gmail.com','UDOSO','$2y$10$O/N4acT4QRv/rtgBhXjjz.oP.c6lDB75Xk6JbsfsYbaw7ZD6Jtlma',1,NULL,NULL,'2025-04-26 10:09:03','voter','Aisha','Mohamed','Mariam',NULL,1,5,1,NULL,0,NULL,NULL,''),(234,'T22-01-00235','khadija.fatma5@outlook.com','UDOSO','$2y$10$O/N4acT4QRv/rtgBhXjjz.oP.c6lDB75Xk6JbsfsYbaw7ZD6Jtlma',1,NULL,NULL,'2025-04-26 10:09:03','voter','Khadija','Said','Fatma',NULL,1,5,1,NULL,0,NULL,NULL,''),(235,'T22-01-00236','jafari.hassan5@gmail.com','UDOSO','$2y$10$O/N4acT4QRv/rtgBhXjjz.oP.c6lDB75Xk6JbsfsYbaw7ZD6Jtlma',1,NULL,NULL,'2025-04-26 10:09:03','voter','Jafari','Ramadhani','Hassan',NULL,1,5,1,NULL,0,NULL,NULL,''),(236,'T22-01-00237','mgeni.salum5@outlook.com','UDOSO','$2y$10$O/N4acT4QRv/rtgBhXjjz.oP.c6lDB75Xk6JbsfsYbaw7ZD6Jtlma',1,NULL,NULL,'2025-04-26 10:09:03','voter','Mgeni','Abdallah','Salum',NULL,1,5,1,NULL,0,NULL,NULL,''),(237,'T22-01-00238','zawadi.amina5@gmail.com','UDOSO','$2y$10$O/N4acT4QRv/rtgBhXjjz.oP.c6lDB75Xk6JbsfsYbaw7ZD6Jtlma',1,NULL,NULL,'2025-04-26 10:09:03','voter','Zawadi','Mwinyi','Amina',NULL,1,5,1,NULL,0,NULL,NULL,''),(238,'T22-01-00239','fatma.juma5@outlook.com','UDOSO','$2y$10$O/N4acT4QRv/rtgBhXjjz.oP.c6lDB75Xk6JbsfsYbaw7ZD6Jtlma',1,NULL,NULL,'2025-04-26 10:09:03','voter','Fatma','Juma','Asha',NULL,1,5,1,NULL,0,NULL,NULL,''),(239,'T22-01-00240','mariam.juma6@gmail.com','UDOSO','$2y$10$O/N4acT4QRv/rtgBhXjjz.oP.c6lDB75Xk6JbsfsYbaw7ZD6Jtlma',1,NULL,NULL,'2025-04-26 10:09:03','voter','Mariam','Asha','Juma',NULL,1,5,1,NULL,0,NULL,NULL,''),(240,'T22-01-00241','juma.mohamed6@outlook.com','UDOSO','$2y$10$O/N4acT4QRv/rtgBhXjjz.oP.c6lDB75Xk6JbsfsYbaw7ZD6Jtlma',1,NULL,NULL,'2025-04-26 10:09:03','voter','Juma','Hassan','Mohamed',NULL,1,5,1,NULL,0,NULL,NULL,''),(241,'T22-01-00242','fatuma.ali6@gmail.com','UDOSO','$2y$10$O/N4acT4QRv/rtgBhXjjz.oP.c6lDB75Xk6JbsfsYbaw7ZD6Jtlma',1,NULL,NULL,'2025-04-26 10:09:03','voter','Fatuma','Salum','Ali',NULL,1,5,1,NULL,0,NULL,NULL,''),(242,'T22-01-00243','hamisi.rashid6@yahoo.com','UDOSO','$2y$10$O/N4acT4QRv/rtgBhXjjz.oP.c6lDB75Xk6JbsfsYbaw7ZD6Jtlma',1,NULL,NULL,'2025-04-26 10:09:03','voter','Hamisi','Omar','Rashid',NULL,1,5,1,NULL,0,NULL,NULL,''),(243,'T22-01-00244','zainab.khamis6@outlook.com','UDOSO','$2y$10$O/N4acT4QRv/rtgBhXjjz.oP.c6lDB75Xk6JbsfsYbaw7ZD6Jtlma',1,NULL,NULL,'2025-04-26 10:09:03','voter','Zainab','Mwajuma','Khamis',NULL,1,5,1,NULL,0,NULL,NULL,''),(244,'T22-01-00245','abdul.mwinyi6@gmail.com','UDOSO','$2y$10$O/N4acT4QRv/rtgBhXjjz.oP.c6lDB75Xk6JbsfsYbaw7ZD6Jtlma',1,NULL,NULL,'2025-04-26 10:09:03','voter','Abdul','Said','Mwinyi',NULL,1,5,1,NULL,0,NULL,NULL,''),(245,'T22-01-00246','ashura.hussein6@outlook.com','UDOSO','$2y$10$O/N4acT4QRv/rtgBhXjjz.oP.c6lDB75Xk6JbsfsYbaw7ZD6Jtlma',1,NULL,NULL,'2025-04-26 10:09:03','voter','Ashura','Fatma','Hussein',NULL,1,5,1,NULL,0,NULL,NULL,''),(246,'T22-01-00247','saidi.bakari6@gmail.com','UDOSO','$2y$10$O/N4acT4QRv/rtgBhXjjz.oP.c6lDB75Xk6JbsfsYbaw7ZD6Jtlma',1,NULL,NULL,'2025-04-26 10:09:03','voter','Saidi','Juma','Bakari',NULL,1,5,1,NULL,0,NULL,NULL,''),(247,'T22-01-00248','halima.suleiman6@yahoo.com','UDOSO','$2y$10$O/N4acT4QRv/rtgBhXjjz.oP.c6lDB75Xk6JbsfsYbaw7ZD6Jtlma',1,NULL,NULL,'2025-04-26 10:09:03','voter','Halima','Amina','Suleiman',NULL,1,5,1,NULL,0,NULL,NULL,''),(248,'T22-01-00249','ramadhani.issack6@gmail.com','UDOSO','$2y$10$O/N4acT4QRv/rtgBhXjjz.oP.c6lDB75Xk6JbsfsYbaw7ZD6Jtlma',1,NULL,NULL,'2025-04-26 10:09:03','voter','Ramadhani','Hassan','Issack',NULL,1,5,1,NULL,0,NULL,NULL,''),(249,'T22-01-00250','mwanahamisi.omar6@outlook.com','UDOSO','$2y$10$O/N4acT4QRv/rtgBhXjjz.oP.c6lDB75Xk6JbsfsYbaw7ZD6Jtlma',1,NULL,NULL,'2025-04-26 10:09:03','voter','Mwanahamisi','Zuhura','Omar',NULL,1,5,1,NULL,0,NULL,NULL,''),(250,'T22-01-00251','yusuph.mwita6@gmail.com','UDOSO','$2y$10$O/N4acT4QRv/rtgBhXjjz.oP.c6lDB75Xk6JbsfsYbaw7ZD6Jtlma',1,NULL,NULL,'2025-04-26 10:09:03','voter','Yusuph','Salum','Mwita',NULL,1,5,1,NULL,0,NULL,NULL,''),(251,'T22-01-00252','nuru.haji6@yahoo.com','UDOSO','$2y$10$O/N4acT4QRv/rtgBhXjjz.oP.c6lDB75Xk6JbsfsYbaw7ZD6Jtlma',1,NULL,NULL,'2025-04-26 10:09:03','voter','Nuru','Fatma','Haji',NULL,1,5,1,NULL,0,NULL,NULL,''),(252,'T22-01-00253','salma.kassim6@outlook.com','UDOSO','$2y$10$O/N4acT4QRv/rtgBhXjjz.oP.c6lDB75Xk6JbsfsYbaw7ZD6Jtlma',1,NULL,NULL,'2025-04-26 10:09:03','voter','Salma','Asha','Kassim',NULL,1,5,1,NULL,0,NULL,NULL,''),(253,'T22-01-00254','hamad.khalfan6@gmail.com','UDOSO','$2y$10$O/N4acT4QRv/rtgBhXjjz.oP.c6lDB75Xk6JbsfsYbaw7ZD6Jtlma',1,NULL,NULL,'2025-04-26 10:09:03','voter','Hamad','Juma','Khalfan',NULL,1,5,1,NULL,0,NULL,NULL,''),(254,'T22-01-00255','aisha.mohamed6@yahoo.com','UDOSO','$2y$10$O/N4acT4QRv/rtgBhXjjz.oP.c6lDB75Xk6JbsfsYbaw7ZD6Jtlma',1,NULL,NULL,'2025-04-26 10:09:03','voter','Aisha','Mariam','Mohamed',NULL,1,6,1,NULL,0,NULL,NULL,''),(255,'T22-01-00256','khadija.said6@outlook.com','UDOSO','$2y$10$O/N4acT4QRv/rtgBhXjjz.oP.c6lDB75Xk6JbsfsYbaw7ZD6Jtlma',1,NULL,NULL,'2025-04-26 10:09:03','voter','Khadija','Fatma','Said',NULL,1,6,1,NULL,0,NULL,NULL,''),(256,'T22-01-00257','jafari.ramadhani6@gmail.com','UDOSO','$2y$10$O/N4acT4QRv/rtgBhXjjz.oP.c6lDB75Xk6JbsfsYbaw7ZD6Jtlma',1,NULL,NULL,'2025-04-26 10:09:03','voter','Jafari','Hassan','Ramadhani',NULL,1,6,1,NULL,0,NULL,NULL,''),(257,'T22-01-00258','mgeni.abdallah6@outlook.com','UDOSO','$2y$10$O/N4acT4QRv/rtgBhXjjz.oP.c6lDB75Xk6JbsfsYbaw7ZD6Jtlma',1,NULL,NULL,'2025-04-26 10:09:03','voter','Mgeni','Salum','Abdallah',NULL,1,6,1,NULL,0,NULL,NULL,''),(258,'T22-01-00259','zawadi.mwinyi6@gmail.com','UDOSO','$2y$10$O/N4acT4QRv/rtgBhXjjz.oP.c6lDB75Xk6JbsfsYbaw7ZD6Jtlma',1,NULL,NULL,'2025-04-26 10:09:03','voter','Zawadi','Amina','Mwinyi',NULL,1,6,1,NULL,0,NULL,NULL,''),(259,'T22-01-00260','salum.hassan6@outlook.com','UDOSO','$2y$10$O/N4acT4QRv/rtgBhXjjz.oP.c6lDB75Xk6JbsfsYbaw7ZD6Jtlma',1,NULL,NULL,'2025-04-26 10:09:03','voter','Salum','Juma','Hassan',NULL,1,6,1,NULL,0,NULL,NULL,''),(260,'T22-01-00261','fatma.omar6@gmail.com','UDOSO','$2y$10$O/N4acT4QRv/rtgBhXjjz.oP.c6lDB75Xk6JbsfsYbaw7ZD6Jtlma',1,NULL,NULL,'2025-04-26 10:09:03','voter','Fatma','Asha','Omar',NULL,1,6,1,NULL,0,NULL,NULL,''),(261,'T22-01-00262','mohamed.rashid6@yahoo.com','UDOSO','$2y$10$O/N4acT4QRv/rtgBhXjjz.oP.c6lDB75Xk6JbsfsYbaw7ZD6Jtlma',1,NULL,NULL,'2025-04-26 10:09:03','voter','Mohamed','Hamisi','Rashid',NULL,1,6,1,NULL,0,NULL,NULL,''),(262,'T22-01-00263','zuhura.khamis6@outlook.com','UDOSO','$2y$10$O/N4acT4QRv/rtgBhXjjz.oP.c6lDB75Xk6JbsfsYbaw7ZD6Jtlma',1,NULL,NULL,'2025-04-26 10:09:03','voter','Zuhura','Nuru','Khamis',NULL,1,6,1,NULL,0,NULL,NULL,''),(263,'T22-01-00264','said.mwinyi6@gmail.com','UDOSO','$2y$10$O/N4acT4QRv/rtgBhXjjz.oP.c6lDB75Xk6JbsfsYbaw7ZD6Jtlma',1,NULL,NULL,'2025-04-26 10:09:03','voter','Said','Abdul','Mwinyi',NULL,1,6,1,NULL,0,NULL,NULL,''),(264,'T22-01-00265','amina.hussein6@outlook.com','UDOSO','$2y$10$O/N4acT4QRv/rtgBhXjjz.oP.c6lDB75Xk6JbsfsYbaw7ZD6Jtlma',1,NULL,NULL,'2025-04-26 10:09:03','voter','Amina','Ashura','Hussein',NULL,1,6,1,NULL,0,NULL,NULL,''),(265,'T22-01-00266','bakari.juma6@gmail.com','UDOSO','$2y$10$O/N4acT4QRv/rtgBhXjjz.oP.c6lDB75Xk6JbsfsYbaw7ZD6Jtlma',1,NULL,NULL,'2025-04-26 10:09:03','voter','Bakari','Saidi','Juma',NULL,1,6,1,NULL,0,NULL,NULL,''),(266,'T22-01-00267','mwajuma.suleiman6@yahoo.com','UDOSO','$2y$10$O/N4acT4QRv/rtgBhXjjz.oP.c6lDB75Xk6JbsfsYbaw7ZD6Jtlma',1,NULL,NULL,'2025-04-26 10:09:03','voter','Mwajuma','Halima','Suleiman',NULL,1,6,1,NULL,0,NULL,NULL,''),(267,'T22-01-00268','hassan.issack6@gmail.com','UDOSO','$2y$10$O/N4acT4QRv/rtgBhXjjz.oP.c6lDB75Xk6JbsfsYbaw7ZD6Jtlma',1,NULL,NULL,'2025-04-26 10:09:03','voter','Hassan','Ramadhani','Issack',NULL,1,6,1,NULL,0,NULL,NULL,''),(268,'T22-01-00269','zainabu.omar6@outlook.com','UDOSO','$2y$10$O/N4acT4QRv/rtgBhXjjz.oP.c6lDB75Xk6JbsfsYbaw7ZD6Jtlma',1,NULL,NULL,'2025-04-26 10:09:03','voter','Zainabu','Mwanahamisi','Omar',NULL,1,6,1,NULL,0,NULL,NULL,''),(269,'T22-01-00270','salum.mwita6@gmail.com','UDOSO','$2y$10$O/N4acT4QRv/rtgBhXjjz.oP.c6lDB75Xk6JbsfsYbaw7ZD6Jtlma',1,NULL,NULL,'2025-04-26 10:09:03','voter','Salum','Yusuph','Mwita',NULL,1,6,1,NULL,0,NULL,NULL,''),(270,'T22-01-00271','fatuma.haji6@yahoo.com','UDOSO','$2y$10$O/N4acT4QRv/rtgBhXjjz.oP.c6lDB75Xk6JbsfsYbaw7ZD6Jtlma',1,NULL,NULL,'2025-04-26 10:09:03','voter','Fatuma','Nuru','Haji',NULL,1,6,1,NULL,0,NULL,NULL,''),(271,'T22-01-00272','asha.kassim6@outlook.com','UDOSO','$2y$10$O/N4acT4QRv/rtgBhXjjz.oP.c6lDB75Xk6JbsfsYbaw7ZD6Jtlma',1,NULL,NULL,'2025-04-26 10:09:03','voter','Asha','Salma','Kassim',NULL,1,6,1,NULL,0,NULL,NULL,''),(272,'T22-01-00273','juma.khalfan6@gmail.com','UDOSO','$2y$10$O/N4acT4QRv/rtgBhXjjz.oP.c6lDB75Xk6JbsfsYbaw7ZD6Jtlma',1,NULL,NULL,'2025-04-26 10:09:03','voter','Juma','Hamad','Khalfan',NULL,1,6,1,NULL,0,NULL,NULL,''),(273,'T22-01-00274','mariam.mohamed6@yahoo.com','UDOSO','$2y$10$O/N4acT4QRv/rtgBhXjjz.oP.c6lDB75Xk6JbsfsYbaw7ZD6Jtlma',1,NULL,NULL,'2025-04-26 10:09:03','voter','Mariam','Aisha','Mohamed',NULL,1,6,1,NULL,0,NULL,NULL,''),(274,'T22-01-00275','fatma.said6@outlook.com','UDOSO','$2y$10$O/N4acT4QRv/rtgBhXjjz.oP.c6lDB75Xk6JbsfsYbaw7ZD6Jtlma',1,NULL,NULL,'2025-04-26 10:09:03','voter','Fatma','Khadija','Said',NULL,1,6,1,NULL,0,NULL,NULL,''),(275,'T22-01-00276','hassan.ramadhani6@gmail.com','UDOSO','$2y$10$O/N4acT4QRv/rtgBhXjjz.oP.c6lDB75Xk6JbsfsYbaw7ZD6Jtlma',1,NULL,NULL,'2025-04-26 10:09:03','voter','Hassan','Jafari','Ramadhani',NULL,1,6,1,NULL,0,NULL,NULL,''),(276,'T22-01-00277','salum.abdallah6@outlook.com','UDOSO','$2y$10$O/N4acT4QRv/rtgBhXjjz.oP.c6lDB75Xk6JbsfsYbaw7ZD6Jtlma',1,NULL,NULL,'2025-04-26 10:09:03','voter','Salum','Mgeni','Abdallah',NULL,1,6,1,NULL,0,NULL,NULL,''),(277,'T22-01-00278','amina.mwinyi6@gmail.com','UDOSO','$2y$10$O/N4acT4QRv/rtgBhXjjz.oP.c6lDB75Xk6JbsfsYbaw7ZD6Jtlma',1,NULL,NULL,'2025-04-26 10:09:03','voter','Amina','Zawadi','Mwinyi',NULL,1,6,1,NULL,0,NULL,NULL,''),(278,'T22-01-00279','juma.salum6@gmail.com','UDOSO','$2y$10$O/N4acT4QRv/rtgBhXjjz.oP.c6lDB75Xk6JbsfsYbaw7ZD6Jtlma',1,NULL,NULL,'2025-04-26 10:09:03','voter','Juma','Hassan','Salum',NULL,1,6,1,NULL,0,NULL,NULL,''),(279,'T22-01-00280','asha.fatma6@outlook.com','UDOSO','$2y$10$O/N4acT4QRv/rtgBhXjjz.oP.c6lDB75Xk6JbsfsYbaw7ZD6Jtlma',1,NULL,NULL,'2025-04-26 10:09:03','voter','Asha','Mariam','Fatma',NULL,1,6,1,NULL,0,NULL,NULL,''),(280,'T22-01-00281','mohamed.hamisi6@gmail.com','UDOSO','$2y$10$O/N4acT4QRv/rtgBhXjjz.oP.c6lDB75Xk6JbsfsYbaw7ZD6Jtlma',1,NULL,NULL,'2025-04-26 10:09:03','voter','Mohamed','Rashid','Hamisi',NULL,1,6,1,NULL,0,NULL,NULL,''),(281,'T22-01-00282','nuru.zuhura6@yahoo.com','UDOSO','$2y$10$O/N4acT4QRv/rtgBhXjjz.oP.c6lDB75Xk6JbsfsYbaw7ZD6Jtlma',1,NULL,NULL,'2025-04-26 10:09:03','voter','Nuru','Zuhura','Khamis',NULL,1,6,1,NULL,0,NULL,NULL,''),(282,'T22-01-00283','abdul.said6@outlook.com','UDOSO','$2y$10$O/N4acT4QRv/rtgBhXjjz.oP.c6lDB75Xk6JbsfsYbaw7ZD6Jtlma',1,NULL,NULL,'2025-04-26 10:09:03','voter','Abdul','Mwinyi','Said',NULL,1,6,1,NULL,0,NULL,NULL,''),(283,'T22-01-00284','ashura.amina6@gmail.com','UDOSO','$2y$10$O/N4acT4QRv/rtgBhXjjz.oP.c6lDB75Xk6JbsfsYbaw7ZD6Jtlma',1,NULL,NULL,'2025-04-26 10:09:03','voter','Ashura','Hussein','Amina',NULL,1,6,1,NULL,0,NULL,NULL,''),(284,'T22-01-00285','saidi.bakari6@outlook.com','UDOSO','$2y$10$O/N4acT4QRv/rtgBhXjjz.oP.c6lDB75Xk6JbsfsYbaw7ZD6Jtlma',1,NULL,NULL,'2025-04-26 10:09:03','voter','Saidi','Juma','Bakari',NULL,1,6,1,NULL,0,NULL,NULL,''),(285,'T22-01-00286','halima.mwajuma6@gmail.com','UDOSO','$2y$10$O/N4acT4QRv/rtgBhXjjz.oP.c6lDB75Xk6JbsfsYbaw7ZD6Jtlma',1,NULL,NULL,'2025-04-26 10:09:03','voter','Halima','Suleiman','Mwajuma',NULL,1,6,1,NULL,0,NULL,NULL,''),(286,'T22-01-00287','ramadhani.hassan6@yahoo.com','UDOSO','$2y$10$O/N4acT4QRv/rtgBhXjjz.oP.c6lDB75Xk6JbsfsYbaw7ZD6Jtlma',1,NULL,NULL,'2025-04-26 10:09:03','voter','Ramadhani','Issack','Hassan',NULL,1,6,1,NULL,0,NULL,NULL,''),(287,'T22-01-00288','mwanahamisi.zainabu6@outlook.com','UDOSO','$2y$10$O/N4acT4QRv/rtgBhXjjz.oP.c6lDB75Xk6JbsfsYbaw7ZD6Jtlma',1,NULL,NULL,'2025-04-26 10:09:03','voter','Mwanahamisi','Omar','Zainabu',NULL,1,6,1,NULL,0,NULL,NULL,''),(288,'T22-01-00289','yusuph.salum6@gmail.com','UDOSO','$2y$10$O/N4acT4QRv/rtgBhXjjz.oP.c6lDB75Xk6JbsfsYbaw7ZD6Jtlma',1,NULL,NULL,'2025-04-26 10:09:03','voter','Yusuph','Mwita','Salum',NULL,1,6,1,NULL,0,NULL,NULL,''),(289,'T22-01-00290','nuru.fatma6@outlook.com','UDOSO','$2y$10$O/N4acT4QRv/rtgBhXjjz.oP.c6lDB75Xk6JbsfsYbaw7ZD6Jtlma',1,NULL,NULL,'2025-04-26 10:09:03','voter','Nuru','Haji','Fatma',NULL,1,6,1,NULL,0,NULL,NULL,''),(290,'T22-01-00291','salma.asha6@gmail.com','UDOSO','$2y$10$O/N4acT4QRv/rtgBhXjjz.oP.c6lDB75Xk6JbsfsYbaw7ZD6Jtlma',1,NULL,NULL,'2025-04-26 10:09:03','voter','Salma','Kassim','Asha',NULL,1,6,1,NULL,0,NULL,NULL,''),(291,'T22-01-00292','hamad.juma6@outlook.com','UDOSO','$2y$10$O/N4acT4QRv/rtgBhXjjz.oP.c6lDB75Xk6JbsfsYbaw7ZD6Jtlma',1,NULL,NULL,'2025-04-26 10:09:03','voter','Hamad','Khalfan','Juma',NULL,1,6,1,NULL,0,NULL,NULL,''),(292,'T22-01-00293','aisha.mariam6@gmail.com','UDOSO','$2y$10$O/N4acT4QRv/rtgBhXjjz.oP.c6lDB75Xk6JbsfsYbaw7ZD6Jtlma',1,NULL,NULL,'2025-04-26 10:09:03','voter','Aisha','Mohamed','Mariam',NULL,1,6,1,NULL,0,NULL,NULL,''),(293,'T22-01-00294','khadija.fatma6@outlook.com','UDOSO','$2y$10$O/N4acT4QRv/rtgBhXjjz.oP.c6lDB75Xk6JbsfsYbaw7ZD6Jtlma',1,NULL,NULL,'2025-04-26 10:09:03','voter','Khadija','Said','Fatma',NULL,1,6,1,NULL,0,NULL,NULL,''),(294,'T22-01-00295','jafari.hassan6@gmail.com','UDOSO','$2y$10$O/N4acT4QRv/rtgBhXjjz.oP.c6lDB75Xk6JbsfsYbaw7ZD6Jtlma',1,NULL,NULL,'2025-04-26 10:09:03','voter','Jafari','Ramadhani','Hassan',NULL,1,6,1,NULL,0,NULL,NULL,''),(295,'T22-01-00296','mgeni.salum6@outlook.com','UDOSO','$2y$10$O/N4acT4QRv/rtgBhXjjz.oP.c6lDB75Xk6JbsfsYbaw7ZD6Jtlma',1,NULL,NULL,'2025-04-26 10:09:03','voter','Mgeni','Abdallah','Salum',NULL,1,6,1,NULL,0,NULL,NULL,''),(296,'T22-01-00297','zawadi.amina6@gmail.com','UDOSO','$2y$10$O/N4acT4QRv/rtgBhXjjz.oP.c6lDB75Xk6JbsfsYbaw7ZD6Jtlma',1,NULL,NULL,'2025-04-26 10:09:03','voter','Zawadi','Mwinyi','Amina',NULL,1,6,1,NULL,0,NULL,NULL,''),(297,'T22-01-00298','fatma.juma6@outlook.com','UDOSO','$2y$10$O/N4acT4QRv/rtgBhXjjz.oP.c6lDB75Xk6JbsfsYbaw7ZD6Jtlma',1,NULL,NULL,'2025-04-26 10:09:03','voter','Fatma','Juma','Asha',NULL,1,6,1,NULL,0,NULL,NULL,''),(298,'T22-01-00299','mariam.juma7@gmail.com','UDOSO','$2y$10$O/N4acT4QRv/rtgBhXjjz.oP.c6lDB75Xk6JbsfsYbaw7ZD6Jtlma',1,NULL,NULL,'2025-04-26 10:09:03','voter','Mariam','Asha','Juma',NULL,1,6,1,NULL,0,NULL,NULL,''),(299,'T22-01-00300','juma.mohamed7@outlook.com','UDOSO','$2y$10$O/N4acT4QRv/rtgBhXjjz.oP.c6lDB75Xk6JbsfsYbaw7ZD6Jtlma',1,NULL,NULL,'2025-04-26 10:09:03','voter','Juma','Hassan','Mohamed',NULL,1,6,1,NULL,0,NULL,NULL,''),(300,'T22-01-00301','fatuma.ali7@gmail.com','UDOSO','$2y$10$O/N4acT4QRv/rtgBhXjjz.oP.c6lDB75Xk6JbsfsYbaw7ZD6Jtlma',1,NULL,NULL,'2025-04-26 10:09:03','voter','Fatuma','Salum','Ali',NULL,1,6,1,NULL,0,NULL,NULL,''),(301,'T22-01-00302','hamisi.rashid7@yahoo.com','UDOSO','$2y$10$O/N4acT4QRv/rtgBhXjjz.oP.c6lDB75Xk6JbsfsYbaw7ZD6Jtlma',1,NULL,NULL,'2025-04-26 10:09:03','voter','Hamisi','Omar','Rashid',NULL,1,6,1,NULL,0,NULL,NULL,''),(302,'T22-01-00303','zainab.khamis7@outlook.com','UDOSO','$2y$10$O/N4acT4QRv/rtgBhXjjz.oP.c6lDB75Xk6JbsfsYbaw7ZD6Jtlma',1,NULL,NULL,'2025-04-26 10:09:03','voter','Zainab','Mwajuma','Khamis',NULL,1,6,1,NULL,0,NULL,NULL,''),(303,'T22-01-00304','abdul.mwinyi7@gmail.com','UDOSO','$2y$10$O/N4acT4QRv/rtgBhXjjz.oP.c6lDB75Xk6JbsfsYbaw7ZD6Jtlma',1,NULL,NULL,'2025-04-26 10:09:03','voter','Abdul','Said','Mwinyi',NULL,1,6,1,NULL,0,NULL,NULL,''),(304,'T22-02-00305','admin.coed@udom.ac.tz','UDOSO','$2y$10$O/N4acT4QRv/rtgBhXjjz.oP.c6lDB75Xk6JbsfsYbaw7ZD6Jtlma',1,NULL,NULL,'2025-04-26 10:09:03','admin','Amina','Zawadi','Mwinyi',NULL,2,NULL,1,NULL,0,NULL,NULL,''),(307,'T22-02-00308','mohamed.rashid7@gmail.com','UDOSO','$2y$10$O/N4acT4QRv/rtgBhXjjz.oP.c6lDB75Xk6JbsfsYbaw7ZD6Jtlma',1,NULL,NULL,'2025-04-26 10:09:03','voter','Mohamed','Hamisi','Rashid',NULL,2,7,1,NULL,0,NULL,NULL,''),(308,'T22-02-00309','zuhura.khamis7@outlook.com','UDOSO','$2y$10$O/N4acT4QRv/rtgBhXjjz.oP.c6lDB75Xk6JbsfsYbaw7ZD6Jtlma',1,NULL,NULL,'2025-04-26 10:09:03','voter','Zuhura','Nuru','Khamis',NULL,2,7,1,NULL,0,NULL,NULL,''),(309,'T22-02-00310','said.mwinyi7@gmail.com','UDOSO','$2y$10$O/N4acT4QRv/rtgBhXjjz.oP.c6lDB75Xk6JbsfsYbaw7ZD6Jtlma',1,NULL,NULL,'2025-04-26 10:09:03','voter','Said','Abdul','Mwinyi',NULL,2,7,1,NULL,0,NULL,NULL,''),(310,'T22-02-00311','amina.hussein7@outlook.com','UDOSO','$2y$10$O/N4acT4QRv/rtgBhXjjz.oP.c6lDB75Xk6JbsfsYbaw7ZD6Jtlma',1,NULL,NULL,'2025-04-26 10:09:03','voter','Amina','Ashura','Hussein',NULL,2,7,1,NULL,0,NULL,NULL,''),(311,'T22-02-00312','bakari.juma7@gmail.com','UDOSO','$2y$10$O/N4acT4QRv/rtgBhXjjz.oP.c6lDB75Xk6JbsfsYbaw7ZD6Jtlma',1,NULL,NULL,'2025-04-26 10:09:03','voter','Bakari','Saidi','Juma',NULL,2,7,1,NULL,0,NULL,NULL,''),(312,'T22-02-00313','mwajuma.suleiman7@yahoo.com','UDOSO','$2y$10$O/N4acT4QRv/rtgBhXjjz.oP.c6lDB75Xk6JbsfsYbaw7ZD6Jtlma',1,NULL,NULL,'2025-04-26 10:09:03','voter','Mwajuma','Halima','Suleiman',NULL,2,7,1,NULL,0,NULL,NULL,''),(313,'T22-02-00314','hassan.issack7@gmail.com','UDOSO','$2y$10$O/N4acT4QRv/rtgBhXjjz.oP.c6lDB75Xk6JbsfsYbaw7ZD6Jtlma',1,NULL,NULL,'2025-04-26 10:09:03','voter','Hassan','Ramadhani','Issack',NULL,2,7,1,NULL,0,NULL,NULL,''),(314,'T22-02-00315','zainabu.omar7@outlook.com','UDOSO','$2y$10$O/N4acT4QRv/rtgBhXjjz.oP.c6lDB75Xk6JbsfsYbaw7ZD6Jtlma',1,NULL,NULL,'2025-04-26 10:09:03','voter','Zainabu','Mwanahamisi','Omar',NULL,2,7,1,NULL,0,NULL,NULL,''),(315,'T22-02-00316','salum.mwita7@gmail.com','UDOSO','$2y$10$O/N4acT4QRv/rtgBhXjjz.oP.c6lDB75Xk6JbsfsYbaw7ZD6Jtlma',1,NULL,NULL,'2025-04-26 10:09:03','voter','Salum','Yusuph','Mwita',NULL,2,7,1,NULL,0,NULL,NULL,''),(316,'T22-02-00317','fatuma.haji7@yahoo.com','UDOSO','$2y$10$O/N4acT4QRv/rtgBhXjjz.oP.c6lDB75Xk6JbsfsYbaw7ZD6Jtlma',1,NULL,NULL,'2025-04-26 10:09:03','voter','Fatuma','Nuru','Haji',NULL,2,7,1,NULL,0,NULL,NULL,''),(317,'T22-02-00318','asha.kassim7@outlook.com','UDOSO','$2y$10$O/N4acT4QRv/rtgBhXjjz.oP.c6lDB75Xk6JbsfsYbaw7ZD6Jtlma',1,NULL,NULL,'2025-04-26 10:09:03','voter','Asha','Salma','Kassim',NULL,2,7,1,NULL,0,NULL,NULL,''),(318,'T22-02-00319','juma.khalfan7@gmail.com','UDOSO','$2y$10$O/N4acT4QRv/rtgBhXjjz.oP.c6lDB75Xk6JbsfsYbaw7ZD6Jtlma',1,NULL,NULL,'2025-04-26 10:09:03','voter','Juma','Hamad','Khalfan',NULL,2,7,1,NULL,0,NULL,NULL,''),(319,'T22-02-00320','mariam.mohamed7@yahoo.com','UDOSO','$2y$10$O/N4acT4QRv/rtgBhXjjz.oP.c6lDB75Xk6JbsfsYbaw7ZD6Jtlma',1,NULL,NULL,'2025-04-26 10:09:03','voter','Mariam','Aisha','Mohamed',NULL,2,7,1,NULL,0,NULL,NULL,''),(320,'T22-02-00321','fatma.said7@outlook.com','UDOSO','$2y$10$O/N4acT4QRv/rtgBhXjjz.oP.c6lDB75Xk6JbsfsYbaw7ZD6Jtlma',1,NULL,NULL,'2025-04-26 10:09:03','voter','Fatma','Khadija','Said',NULL,2,7,1,NULL,0,NULL,NULL,''),(321,'T22-02-00322','hassan.ramadhani7@gmail.com','UDOSO','$2y$10$O/N4acT4QRv/rtgBhXjjz.oP.c6lDB75Xk6JbsfsYbaw7ZD6Jtlma',1,NULL,NULL,'2025-04-26 10:09:03','voter','Hassan','Jafari','Ramadhani',NULL,2,7,1,NULL,0,NULL,NULL,''),(322,'T22-02-00323','salum.abdallah7@outlook.com','UDOSO','$2y$10$O/N4acT4QRv/rtgBhXjjz.oP.c6lDB75Xk6JbsfsYbaw7ZD6Jtlma',1,NULL,NULL,'2025-04-26 10:09:03','voter','Salum','Mgeni','Abdallah',NULL,2,7,1,NULL,0,NULL,NULL,''),(323,'T22-02-00324','amina.mwinyi7@gmail.com','UDOSO','$2y$10$O/N4acT4QRv/rtgBhXjjz.oP.c6lDB75Xk6JbsfsYbaw7ZD6Jtlma',1,NULL,NULL,'2025-04-26 10:09:03','voter','Amina','Zawadi','Mwinyi',NULL,2,7,1,NULL,0,NULL,NULL,''),(324,'T22-02-00325','juma.salum7@gmail.com','UDOSO','$2y$10$O/N4acT4QRv/rtgBhXjjz.oP.c6lDB75Xk6JbsfsYbaw7ZD6Jtlma',1,NULL,NULL,'2025-04-26 10:09:03','voter','Juma','Hassan','Salum',NULL,2,7,1,NULL,0,NULL,NULL,''),(325,'T22-02-00326','asha.fatma7@outlook.com','UDOSO','$2y$10$O/N4acT4QRv/rtgBhXjjz.oP.c6lDB75Xk6JbsfsYbaw7ZD6Jtlma',1,NULL,NULL,'2025-04-26 10:09:03','voter','Asha','Mariam','Fatma',NULL,2,7,1,NULL,0,NULL,NULL,''),(326,'T22-02-00327','mohamed.hamisi7@gmail.com','UDOSO','$2y$10$O/N4acT4QRv/rtgBhXjjz.oP.c6lDB75Xk6JbsfsYbaw7ZD6Jtlma',1,NULL,NULL,'2025-04-26 10:09:03','voter','Mohamed','Rashid','Hamisi',NULL,2,7,1,NULL,0,NULL,NULL,''),(327,'T22-02-00328','nuru.zuhura7@yahoo.com','UDOSO','$2y$10$O/N4acT4QRv/rtgBhXjjz.oP.c6lDB75Xk6JbsfsYbaw7ZD6Jtlma',1,NULL,NULL,'2025-04-26 10:09:03','voter','Nuru','Zuhura','Khamis',NULL,2,7,1,NULL,0,NULL,NULL,''),(328,'T22-02-00329','abdul.said7@outlook.com','UDOSO','$2y$10$O/N4acT4QRv/rtgBhXjjz.oP.c6lDB75Xk6JbsfsYbaw7ZD6Jtlma',1,NULL,NULL,'2025-04-26 10:09:03','voter','Abdul','Mwinyi','Said',NULL,2,7,1,NULL,0,NULL,NULL,''),(329,'T22-02-00330','ashura.amina7@gmail.com','UDOSO','$2y$10$O/N4acT4QRv/rtgBhXjjz.oP.c6lDB75Xk6JbsfsYbaw7ZD6Jtlma',1,NULL,NULL,'2025-04-26 10:09:03','voter','Ashura','Hussein','Amina',NULL,2,7,1,NULL,0,NULL,NULL,''),(330,'T22-02-00331','saidi.bakari7@outlook.com','UDOSO','$2y$10$O/N4acT4QRv/rtgBhXjjz.oP.c6lDB75Xk6JbsfsYbaw7ZD6Jtlma',1,NULL,NULL,'2025-04-26 10:09:03','voter','Saidi','Juma','Bakari',NULL,2,7,1,NULL,0,NULL,NULL,''),(331,'T22-02-00332','halima.mwajuma7@gmail.com','UDOSO','$2y$10$O/N4acT4QRv/rtgBhXjjz.oP.c6lDB75Xk6JbsfsYbaw7ZD6Jtlma',1,NULL,NULL,'2025-04-26 10:09:03','voter','Halima','Suleiman','Mwajuma',NULL,2,7,1,NULL,0,NULL,NULL,''),(332,'T22-02-00333','ramadhani.hassan7@yahoo.com','UDOSO','$2y$10$O/N4acT4QRv/rtgBhXjjz.oP.c6lDB75Xk6JbsfsYbaw7ZD6Jtlma',1,NULL,NULL,'2025-04-26 10:09:03','voter','Ramadhani','Issack','Hassan',NULL,2,7,1,NULL,0,NULL,NULL,''),(333,'T22-02-00334','mwanahamisi.zainabu7@outlook.com','UDOSO','$2y$10$O/N4acT4QRv/rtgBhXjjz.oP.c6lDB75Xk6JbsfsYbaw7ZD6Jtlma',1,NULL,NULL,'2025-04-26 10:09:03','voter','Mwanahamisi','Omar','Zainabu',NULL,2,7,1,NULL,0,NULL,NULL,''),(334,'T22-02-00335','yusuph.salum7@gmail.com','UDOSO','$2y$10$O/N4acT4QRv/rtgBhXjjz.oP.c6lDB75Xk6JbsfsYbaw7ZD6Jtlma',1,NULL,NULL,'2025-04-26 10:09:03','voter','Yusuph','Mwita','Salum',NULL,2,7,1,NULL,0,NULL,NULL,''),(335,'T22-02-00336','nuru.fatma7@outlook.com','UDOSO','$2y$10$O/N4acT4QRv/rtgBhXjjz.oP.c6lDB75Xk6JbsfsYbaw7ZD6Jtlma',1,NULL,NULL,'2025-04-26 10:09:03','voter','Nuru','Haji','Fatma',NULL,2,7,1,NULL,0,NULL,NULL,''),(336,'T22-02-00337','salma.asha7@gmail.com','UDOSO','$2y$10$O/N4acT4QRv/rtgBhXjjz.oP.c6lDB75Xk6JbsfsYbaw7ZD6Jtlma',1,NULL,NULL,'2025-04-26 10:09:03','voter','Salma','Kassim','Asha',NULL,2,7,1,NULL,0,NULL,NULL,''),(337,'T22-02-00338','hamad.juma7@outlook.com','UDOSO','$2y$10$O/N4acT4QRv/rtgBhXjjz.oP.c6lDB75Xk6JbsfsYbaw7ZD6Jtlma',1,NULL,NULL,'2025-04-26 10:09:03','voter','Hamad','Khalfan','Juma',NULL,2,7,1,NULL,0,NULL,NULL,''),(338,'T22-02-00339','aisha.mariam7@gmail.com','UDOSO','$2y$10$O/N4acT4QRv/rtgBhXjjz.oP.c6lDB75Xk6JbsfsYbaw7ZD6Jtlma',1,NULL,NULL,'2025-04-26 10:09:03','voter','Aisha','Mohamed','Mariam',NULL,2,7,1,NULL,0,NULL,NULL,''),(339,'T22-02-00340','khadija.fatma7@outlook.com','UDOSO','$2y$10$O/N4acT4QRv/rtgBhXjjz.oP.c6lDB75Xk6JbsfsYbaw7ZD6Jtlma',1,NULL,NULL,'2025-04-26 10:09:03','voter','Khadija','Said','Fatma',NULL,2,7,1,NULL,0,NULL,NULL,''),(340,'T22-02-00341','jafari.hassan7@gmail.com','UDOSO','$2y$10$O/N4acT4QRv/rtgBhXjjz.oP.c6lDB75Xk6JbsfsYbaw7ZD6Jtlma',1,NULL,NULL,'2025-04-26 10:09:03','voter','Jafari','Ramadhani','Hassan',NULL,2,7,1,NULL,0,NULL,NULL,''),(341,'T22-02-00342','mgeni.salum7@outlook.com','UDOSO','$2y$10$O/N4acT4QRv/rtgBhXjjz.oP.c6lDB75Xk6JbsfsYbaw7ZD6Jtlma',1,NULL,NULL,'2025-04-26 10:09:03','voter','Mgeni','Abdallah','Salum',NULL,2,7,1,NULL,0,NULL,NULL,''),(342,'T22-02-00343','zawadi.amina7@gmail.com','UDOSO','$2y$10$O/N4acT4QRv/rtgBhXjjz.oP.c6lDB75Xk6JbsfsYbaw7ZD6Jtlma',1,NULL,NULL,'2025-04-26 10:09:03','voter','Zawadi','Mwinyi','Amina',NULL,2,7,1,NULL,0,NULL,NULL,''),(343,'T22-02-00344','fatma.juma7@outlook.com','UDOSO','$2y$10$O/N4acT4QRv/rtgBhXjjz.oP.c6lDB75Xk6JbsfsYbaw7ZD6Jtlma',1,NULL,NULL,'2025-04-26 10:09:03','voter','Fatma','Juma','Asha',NULL,2,7,1,NULL,0,NULL,NULL,''),(344,'T22-02-00345','mariam.juma8@gmail.com','UDOSO','$2y$10$O/N4acT4QRv/rtgBhXjjz.oP.c6lDB75Xk6JbsfsYbaw7ZD6Jtlma',1,NULL,NULL,'2025-04-26 10:09:03','voter','Mariam','Asha','Juma',NULL,2,7,1,NULL,0,NULL,NULL,''),(345,'T22-02-00346','juma.mohamed8@outlook.com','UDOSO','$2y$10$O/N4acT4QRv/rtgBhXjjz.oP.c6lDB75Xk6JbsfsYbaw7ZD6Jtlma',1,NULL,NULL,'2025-04-26 10:09:03','voter','Juma','Hassan','Mohamed',NULL,2,7,1,NULL,0,NULL,NULL,''),(346,'T22-02-00347','fatuma.ali8@gmail.com','UDOSO','$2y$10$O/N4acT4QRv/rtgBhXjjz.oP.c6lDB75Xk6JbsfsYbaw7ZD6Jtlma',1,NULL,NULL,'2025-04-26 10:09:03','voter','Fatuma','Salum','Ali',NULL,2,7,1,NULL,0,NULL,NULL,''),(347,'T22-02-00348','hamisi.rashid8@yahoo.com','UDOSO','$2y$10$O/N4acT4QRv/rtgBhXjjz.oP.c6lDB75Xk6JbsfsYbaw7ZD6Jtlma',1,NULL,NULL,'2025-04-26 10:09:03','voter','Hamisi','Omar','Rashid',NULL,2,7,1,NULL,0,NULL,NULL,''),(348,'T22-02-00349','zainab.khamis8@outlook.com','UDOSO','$2y$10$O/N4acT4QRv/rtgBhXjjz.oP.c6lDB75Xk6JbsfsYbaw7ZD6Jtlma',1,NULL,NULL,'2025-04-26 10:09:03','voter','Zainab','Mwajuma','Khamis',NULL,2,7,1,NULL,0,NULL,NULL,''),(349,'T22-02-00350','abdul.mwinyi8@gmail.com','UDOSO','$2y$10$O/N4acT4QRv/rtgBhXjjz.oP.c6lDB75Xk6JbsfsYbaw7ZD6Jtlma',1,NULL,NULL,'2025-04-26 10:09:03','voter','Abdul','Said','Mwinyi',NULL,2,7,1,NULL,0,NULL,NULL,''),(350,'T22-02-00351','ashura.hussein8@outlook.com','UDOSO','$2y$10$O/N4acT4QRv/rtgBhXjjz.oP.c6lDB75Xk6JbsfsYbaw7ZD6Jtlma',1,NULL,NULL,'2025-04-26 10:09:03','voter','Ashura','Fatma','Hussein',NULL,2,7,1,NULL,0,NULL,NULL,''),(351,'T22-02-00352','saidi.bakari8@gmail.com','UDOSO','$2y$10$O/N4acT4QRv/rtgBhXjjz.oP.c6lDB75Xk6JbsfsYbaw7ZD6Jtlma',1,NULL,NULL,'2025-04-26 10:09:03','voter','Saidi','Juma','Bakari',NULL,2,7,1,NULL,0,NULL,NULL,''),(352,'T22-02-00353','halima.suleiman8@yahoo.com','UDOSO','$2y$10$O/N4acT4QRv/rtgBhXjjz.oP.c6lDB75Xk6JbsfsYbaw7ZD6Jtlma',1,NULL,NULL,'2025-04-26 10:09:03','voter','Halima','Amina','Suleiman',NULL,2,7,1,NULL,0,NULL,NULL,''),(353,'T22-02-00354','ramadhani.issack8@gmail.com','UDOSO','$2y$10$O/N4acT4QRv/rtgBhXjjz.oP.c6lDB75Xk6JbsfsYbaw7ZD6Jtlma',1,NULL,NULL,'2025-04-26 10:09:03','voter','Ramadhani','Hassan','Issack',NULL,2,7,1,NULL,0,NULL,NULL,''),(354,'T22-02-00355','mwanahamisi.omar8@outlook.com','UDOSO','$2y$10$O/N4acT4QRv/rtgBhXjjz.oP.c6lDB75Xk6JbsfsYbaw7ZD6Jtlma',1,NULL,NULL,'2025-04-26 10:09:03','voter','Mwanahamisi','Zuhura','Omar',NULL,2,7,1,NULL,0,NULL,NULL,''),(355,'T22-02-00356','yusuph.mwita8@gmail.com','UDOSO','$2y$10$O/N4acT4QRv/rtgBhXjjz.oP.c6lDB75Xk6JbsfsYbaw7ZD6Jtlma',1,NULL,NULL,'2025-04-26 10:09:03','voter','Yusuph','Salum','Mwita',NULL,2,7,1,NULL,0,NULL,NULL,''),(356,'T22-02-00357','nuru.haji8@yahoo.com','UDOSO','$2y$10$O/N4acT4QRv/rtgBhXjjz.oP.c6lDB75Xk6JbsfsYbaw7ZD6Jtlma',1,NULL,NULL,'2025-04-26 10:09:03','voter','Nuru','Fatma','Haji',NULL,2,7,1,NULL,0,NULL,NULL,''),(357,'T22-02-00358','salma.asha8@outlook.com','UDOSO','$2y$10$O/N4acT4QRv/rtgBhXjjz.oP.c6lDB75Xk6JbsfsYbaw7ZD6Jtlma',1,NULL,NULL,'2025-04-26 10:09:03','voter','Salma','Kassim','Asha',NULL,2,8,1,NULL,0,NULL,NULL,''),(358,'T22-02-00359','hamad.juma8@outlook.com','UDOSO','$2y$10$O/N4acT4QRv/rtgBhXjjz.oP.c6lDB75Xk6JbsfsYbaw7ZD6Jtlma',1,NULL,NULL,'2025-04-26 10:09:03','voter','Hamad','Khalfan','Juma',NULL,2,8,1,NULL,0,NULL,NULL,''),(359,'T22-02-00360','aisha.mariam8@gmail.com','UDOSO','$2y$10$O/N4acT4QRv/rtgBhXjjz.oP.c6lDB75Xk6JbsfsYbaw7ZD6Jtlma',1,NULL,NULL,'2025-04-26 10:09:03','voter','Aisha','Mohamed','Mariam',NULL,2,8,1,NULL,0,NULL,NULL,''),(360,'T22-02-00361','khadija.fatma8@outlook.com','UDOSO','$2y$10$O/N4acT4QRv/rtgBhXjjz.oP.c6lDB75Xk6JbsfsYbaw7ZD6Jtlma',1,NULL,NULL,'2025-04-26 10:09:03','voter','Khadija','Said','Fatma',NULL,2,8,1,NULL,0,NULL,NULL,''),(361,'T22-02-00362','jafari.hassan8@gmail.com','UDOSO','$2y$10$O/N4acT4QRv/rtgBhXjjz.oP.c6lDB75Xk6JbsfsYbaw7ZD6Jtlma',1,NULL,NULL,'2025-04-26 10:09:03','voter','Jafari','Ramadhani','Hassan',NULL,2,8,1,NULL,0,NULL,NULL,''),(362,'T22-02-00363','mgeni.salum8@outlook.com','UDOSO','$2y$10$O/N4acT4QRv/rtgBhXjjz.oP.c6lDB75Xk6JbsfsYbaw7ZD6Jtlma',1,NULL,NULL,'2025-04-26 10:09:03','voter','Mgeni','Abdallah','Salum',NULL,2,8,1,NULL,0,NULL,NULL,''),(363,'T22-02-00364','zawadi.amina8@gmail.com','UDOSO','$2y$10$O/N4acT4QRv/rtgBhXjjz.oP.c6lDB75Xk6JbsfsYbaw7ZD6Jtlma',1,NULL,NULL,'2025-04-26 10:09:03','voter','Zawadi','Mwinyi','Amina',NULL,2,8,1,NULL,0,NULL,NULL,''),(364,'T22-02-00365','fatma.juma8@outlook.com','UDOSO','$2y$10$O/N4acT4QRv/rtgBhXjjz.oP.c6lDB75Xk6JbsfsYbaw7ZD6Jtlma',1,NULL,NULL,'2025-04-26 10:09:03','voter','Fatma','Juma','Asha',NULL,2,8,1,NULL,0,NULL,NULL,''),(365,'T22-02-00366','mariam.juma9@gmail.com','UDOSO','$2y$10$O/N4acT4QRv/rtgBhXjjz.oP.c6lDB75Xk6JbsfsYbaw7ZD6Jtlma',1,NULL,NULL,'2025-04-26 10:09:03','voter','Mariam','Asha','Juma',NULL,2,8,1,NULL,0,NULL,NULL,''),(366,'T22-02-00367','juma.mohamed9@outlook.com','UDOSO','$2y$10$O/N4acT4QRv/rtgBhXjjz.oP.c6lDB75Xk6JbsfsYbaw7ZD6Jtlma',1,NULL,NULL,'2025-04-26 10:09:03','voter','Juma','Hassan','Mohamed',NULL,2,8,1,NULL,0,NULL,NULL,''),(367,'T22-02-00368','fatuma.ali9@gmail.com','UDOSO','$2y$10$O/N4acT4QRv/rtgBhXjjz.oP.c6lDB75Xk6JbsfsYbaw7ZD6Jtlma',1,NULL,NULL,'2025-04-26 10:09:03','voter','Fatuma','Salum','Ali',NULL,2,8,1,NULL,0,NULL,NULL,''),(368,'T22-02-00369','hamisi.rashid9@yahoo.com','UDOSO','$2y$10$O/N4acT4QRv/rtgBhXjjz.oP.c6lDB75Xk6JbsfsYbaw7ZD6Jtlma',1,NULL,NULL,'2025-04-26 10:09:03','voter','Hamisi','Omar','Rashid',NULL,2,8,1,NULL,0,NULL,NULL,''),(369,'T22-02-00370','zainab.khamis9@outlook.com','UDOSO','$2y$10$O/N4acT4QRv/rtgBhXjjz.oP.c6lDB75Xk6JbsfsYbaw7ZD6Jtlma',1,NULL,NULL,'2025-04-26 10:09:03','voter','Zainab','Mwajuma','Khamis',NULL,2,8,1,NULL,0,NULL,NULL,''),(370,'T22-02-00371','abdul.mwinyi9@gmail.com','UDOSO','$2y$10$O/N4acT4QRv/rtgBhXjjz.oP.c6lDB75Xk6JbsfsYbaw7ZD6Jtlma',1,NULL,NULL,'2025-04-26 10:09:03','voter','Abdul','Said','Mwinyi',NULL,2,8,1,NULL,0,NULL,NULL,''),(371,'T22-02-00372','ashura.hussein9@outlook.com','UDOSO','$2y$10$O/N4acT4QRv/rtgBhXjjz.oP.c6lDB75Xk6JbsfsYbaw7ZD6Jtlma',1,NULL,NULL,'2025-04-26 10:09:03','voter','Ashura','Fatma','Hussein',NULL,2,8,1,NULL,0,NULL,NULL,''),(372,'T22-02-00373','saidi.bakari9@gmail.com','UDOSO','$2y$10$O/N4acT4QRv/rtgBhXjjz.oP.c6lDB75Xk6JbsfsYbaw7ZD6Jtlma',1,NULL,NULL,'2025-04-26 10:09:03','voter','Saidi','Juma','Bakari',NULL,2,8,1,NULL,0,NULL,NULL,''),(373,'T22-02-00374','halima.suleiman9@yahoo.com','UDOSO','$2y$10$O/N4acT4QRv/rtgBhXjjz.oP.c6lDB75Xk6JbsfsYbaw7ZD6Jtlma',1,NULL,NULL,'2025-04-26 10:09:03','voter','Halima','Amina','Suleiman',NULL,2,8,1,NULL,0,NULL,NULL,''),(374,'T22-02-00375','ramadhani.issack9@gmail.com','UDOSO','$2y$10$O/N4acT4QRv/rtgBhXjjz.oP.c6lDB75Xk6JbsfsYbaw7ZD6Jtlma',1,NULL,NULL,'2025-04-26 10:09:03','voter','Ramadhani','Hassan','Issack',NULL,2,8,1,NULL,0,NULL,NULL,''),(375,'T22-02-00376','mwanahamisi.omar9@outlook.com','UDOSO','$2y$10$O/N4acT4QRv/rtgBhXjjz.oP.c6lDB75Xk6JbsfsYbaw7ZD6Jtlma',1,NULL,NULL,'2025-04-26 10:09:03','voter','Mwanahamisi','Zuhura','Omar',NULL,2,8,1,NULL,0,NULL,NULL,''),(376,'T22-02-00377','yusuph.mwita9@gmail.com','UDOSO','$2y$10$O/N4acT4QRv/rtgBhXjjz.oP.c6lDB75Xk6JbsfsYbaw7ZD6Jtlma',1,NULL,NULL,'2025-04-26 10:09:03','voter','Yusuph','Salum','Mwita',NULL,2,8,1,NULL,0,NULL,NULL,''),(377,'T22-02-00378','nuru.haji9@yahoo.com','UDOSO','$2y$10$O/N4acT4QRv/rtgBhXjjz.oP.c6lDB75Xk6JbsfsYbaw7ZD6Jtlma',1,NULL,NULL,'2025-04-26 10:09:03','voter','Nuru','Fatma','Haji',NULL,2,8,1,NULL,0,NULL,NULL,''),(378,'T22-02-00379','salma.asha9@outlook.com','UDOSO','$2y$10$O/N4acT4QRv/rtgBhXjjz.oP.c6lDB75Xk6JbsfsYbaw7ZD6Jtlma',1,NULL,NULL,'2025-04-26 10:09:03','voter','Salma','Kassim','Asha',NULL,2,8,1,NULL,0,NULL,NULL,''),(379,'T22-02-00380','hamad.juma9@outlook.com','UDOSO','$2y$10$O/N4acT4QRv/rtgBhXjjz.oP.c6lDB75Xk6JbsfsYbaw7ZD6Jtlma',1,NULL,NULL,'2025-04-26 10:09:03','voter','Hamad','Khalfan','Juma',NULL,2,8,1,NULL,0,NULL,NULL,''),(380,'T22-02-00381','aisha.mariame9@gmail.com','UDOSO','$2y$10$O/N4acT4QRv/rtgBhXjjz.oP.c6lDB75Xk6JbsfsYbaw7ZD6Jtlma',1,NULL,NULL,'2025-04-26 10:09:03','voter','Aisha','Mohamed','Mariam',NULL,2,8,1,NULL,0,NULL,NULL,''),(381,'T22-02-00382','khadija.fatma9@outlook.com','UDOSO','$2y$10$O/N4acT4QRv/rtgBhXjjz.oP.c6lDB75Xk6JbsfsYbaw7ZD6Jtlma',1,NULL,NULL,'2025-04-26 10:09:03','voter','Khadija','Said','Fatma',NULL,2,8,1,NULL,0,NULL,NULL,''),(382,'T22-02-00383','jafari.hassan9@gmail.com','UDOSO','$2y$10$O/N4acT4QRv/rtgBhXjjz.oP.c6lDB75Xk6JbsfsYbaw7ZD6Jtlma',1,NULL,NULL,'2025-04-26 10:09:03','voter','Jafari','Ramadhani','Hassan',NULL,2,8,1,NULL,0,NULL,NULL,''),(383,'T22-02-00384','mgeni.salum9@outlook.com','UDOSO','$2y$10$O/N4acT4QRv/rtgBhXjjz.oP.c6lDB75Xk6JbsfsYbaw7ZD6Jtlma',1,NULL,NULL,'2025-04-26 10:09:03','voter','Mgeni','Abdallah','Salum',NULL,2,8,1,NULL,0,NULL,NULL,''),(384,'T22-02-00385','zawadi.amina9@gmail.com','UDOSO','$2y$10$O/N4acT4QRv/rtgBhXjjz.oP.c6lDB75Xk6JbsfsYbaw7ZD6Jtlma',1,NULL,NULL,'2025-04-26 10:09:03','voter','Zawadi','Mwinyi','Amina',NULL,2,8,1,NULL,0,NULL,NULL,''),(385,'T22-02-00386','fatma.juma9@outlook.com','UDOSO','$2y$10$O/N4acT4QRv/rtgBhXjjz.oP.c6lDB75Xk6JbsfsYbaw7ZD6Jtlma',1,NULL,NULL,'2025-04-26 10:09:03','voter','Fatma','Juma','Asha',NULL,2,8,1,NULL,0,NULL,NULL,''),(386,'T22-02-00387','mohamed.rashid9@gmail.com','UDOSO','$2y$10$O/N4acT4QRv/rtgBhXjjz.oP.c6lDB75Xk6JbsfsYbaw7ZD6Jtlma',1,NULL,NULL,'2025-04-26 10:09:03','voter','Mohamed','Hamisi','Rashid',NULL,2,8,1,NULL,0,NULL,NULL,''),(387,'T22-02-00388','zuhura.khamis9@outlook.com','UDOSO','$2y$10$O/N4acT4QRv/rtgBhXjjz.oP.c6lDB75Xk6JbsfsYbaw7ZD6Jtlma',1,NULL,NULL,'2025-04-26 10:09:03','voter','Zuhura','Nuru','Khamis',NULL,2,8,1,NULL,0,NULL,NULL,''),(388,'T22-02-00389','said.mwinyi9@gmail.com','UDOSO','$2y$10$O/N4acT4QRv/rtgBhXjjz.oP.c6lDB75Xk6JbsfsYbaw7ZD6Jtlma',1,NULL,NULL,'2025-04-26 10:09:03','voter','Said','Abdul','Mwinyi',NULL,2,8,1,NULL,0,NULL,NULL,''),(389,'T22-02-00390','amina.hussein9@outlook.com','UDOSO','$2y$10$O/N4acT4QRv/rtgBhXjjz.oP.c6lDB75Xk6JbsfsYbaw7ZD6Jtlma',1,NULL,NULL,'2025-04-26 10:09:03','voter','Amina','Ashura','Hussein',NULL,2,8,1,NULL,0,NULL,NULL,''),(390,'T22-02-00391','bakari.juma9@gmail.com','UDOSO','$2y$10$O/N4acT4QRv/rtgBhXjjz.oP.c6lDB75Xk6JbsfsYbaw7ZD6Jtlma',1,NULL,NULL,'2025-04-26 10:09:03','voter','Bakari','Saidi','Juma',NULL,2,8,1,NULL,0,NULL,NULL,''),(391,'T22-02-00392','mwajuma.suleiman9@yahoo.com','UDOSO','$2y$10$O/N4acT4QRv/rtgBhXjjz.oP.c6lDB75Xk6JbsfsYbaw7ZD6Jtlma',1,NULL,NULL,'2025-04-26 10:09:03','voter','Mwajuma','Halima','Suleiman',NULL,2,8,1,NULL,0,NULL,NULL,''),(392,'T22-02-00393','hassan.issack9@gmail.com','UDOSO','$2y$10$O/N4acT4QRv/rtgBhXjjz.oP.c6lDB75Xk6JbsfsYbaw7ZD6Jtlma',1,NULL,NULL,'2025-04-26 10:09:03','voter','Hassan','Ramadhani','Issack',NULL,2,8,1,NULL,0,NULL,NULL,''),(393,'T22-02-00394','zainabu.omar9@outlook.com','UDOSO','$2y$10$O/N4acT4QRv/rtgBhXjjz.oP.c6lDB75Xk6JbsfsYbaw7ZD6Jtlma',1,NULL,NULL,'2025-04-26 10:09:03','voter','Zainabu','Mwanahamisi','Omar',NULL,2,8,1,NULL,0,NULL,NULL,''),(394,'T22-02-00395','salum.mwita9@gmail.com','UDOSO','$2y$10$O/N4acT4QRv/rtgBhXjjz.oP.c6lDB75Xk6JbsfsYbaw7ZD6Jtlma',1,NULL,NULL,'2025-04-26 10:09:03','voter','Salum','Yusuph','Mwita',NULL,2,8,1,NULL,0,NULL,NULL,''),(395,'T22-02-00396','fatuma.haji9@yahoo.com','UDOSO','$2y$10$O/N4acT4QRv/rtgBhXjjz.oP.c6lDB75Xk6JbsfsYbaw7ZD6Jtlma',1,NULL,NULL,'2025-04-26 10:09:03','voter','Fatuma','Nuru','Haji',NULL,2,8,1,NULL,0,NULL,NULL,''),(396,'T22-02-00397','asha.kassim9@outlook.com','UDOSO','$2y$10$O/N4acT4QRv/rtgBhXjjz.oP.c6lDB75Xk6JbsfsYbaw7ZD6Jtlma',1,NULL,NULL,'2025-04-26 10:09:03','voter','Asha','Salma','Kassim',NULL,2,8,1,NULL,0,NULL,NULL,''),(397,'T22-02-00398','juma.khalfan9@gmail.com','UDOSO','$2y$10$O/N4acT4QRv/rtgBhXjjz.oP.c6lDB75Xk6JbsfsYbaw7ZD6Jtlma',1,NULL,NULL,'2025-04-26 10:09:03','voter','Juma','Hamad','Khalfan',NULL,2,8,1,NULL,0,NULL,NULL,''),(398,'T22-02-00399','mariam.mohamed9@yahoo.com','UDOSO','$2y$10$O/N4acT4QRv/rtgBhXjjz.oP.c6lDB75Xk6JbsfsYbaw7ZD6Jtlma',1,NULL,NULL,'2025-04-26 10:09:03','voter','Mariam','Aisha','Mohamed',NULL,2,8,1,NULL,0,NULL,NULL,''),(399,'T22-02-00400','fatma.said9@outlook.com','UDOSO','$2y$10$O/N4acT4QRv/rtgBhXjjz.oP.c6lDB75Xk6JbsfsYbaw7ZD6Jtlma',1,NULL,NULL,'2025-04-26 10:09:03','voter','Fatma','Khadija','Said',NULL,2,8,1,NULL,0,NULL,NULL,''),(400,'T22-02-00401','hassan.ramadhani9@gmail.com','UDOSO','$2y$10$O/N4acT4QRv/rtgBhXjjz.oP.c6lDB75Xk6JbsfsYbaw7ZD6Jtlma',1,NULL,NULL,'2025-04-26 10:09:03','voter','Hassan','Jafari','Ramadhani',NULL,2,8,1,NULL,0,NULL,NULL,''),(401,'T22-02-00402','salum.abdallah9@outlook.com','UDOSO','$2y$10$O/N4acT4QRv/rtgBhXjjz.oP.c6lDB75Xk6JbsfsYbaw7ZD6Jtlma',1,NULL,NULL,'2025-04-26 10:09:03','voter','Salum','Mgeni','Abdallah',NULL,2,8,1,NULL,0,NULL,NULL,''),(402,'T22-02-00403','amina.mwinyi9@gmail.com','UDOSO','$2y$10$O/N4acT4QRv/rtgBhXjjz.oP.c6lDB75Xk6JbsfsYbaw7ZD6Jtlma',1,NULL,NULL,'2025-04-26 10:09:03','voter','Amina','Zawadi','Mwinyi',NULL,2,8,1,NULL,0,NULL,NULL,''),(403,'T22-02-00404','juma.salum9@gmail.com','UDOSO','$2y$10$O/N4acT4QRv/rtgBhXjjz.oP.c6lDB75Xk6JbsfsYbaw7ZD6Jtlma',1,NULL,NULL,'2025-04-26 10:09:03','voter','Juma','Hassan','Salum',NULL,2,8,1,NULL,0,NULL,NULL,''),(404,'T22-02-00405','asha.fatma9@outlook.com','UDOSO','$2y$10$O/N4acT4QRv/rtgBhXjjz.oP.c6lDB75Xk6JbsfsYbaw7ZD6Jtlma',1,NULL,NULL,'2025-04-26 10:09:03','voter','Asha','Mariam','Fatma',NULL,2,8,1,NULL,0,NULL,NULL,''),(405,'T22-02-00406','mohamed.hamisi9@gmail.com','UDOSO','$2y$10$O/N4acT4QRv/rtgBhXjjz.oP.c6lDB75Xk6JbsfsYbaw7ZD6Jtlma',1,NULL,NULL,'2025-04-26 10:09:03','voter','Mohamed','Rashid','Hamisi',NULL,2,8,1,NULL,0,NULL,NULL,''),(406,'T22-02-00407','nuru.zuhura9@yahoo.com','UDOSO','$2y$10$O/N4acT4QRv/rtgBhXjjz.oP.c6lDB75Xk6JbsfsYbaw7ZD6Jtlma',1,NULL,NULL,'2025-04-26 10:09:03','voter','Nuru','Zuhura','Khamis',NULL,2,8,1,NULL,0,NULL,NULL,''),(407,'T22-02-00408','abdul.said9@outlook.com','UDOSO','$2y$10$O/N4acT4QRv/rtgBhXjjz.oP.c6lDB75Xk6JbsfsYbaw7ZD6Jtlma',1,NULL,NULL,'2025-04-26 10:09:03','voter','Abdul','Mwinyi','Said',NULL,2,9,1,NULL,0,NULL,NULL,''),(408,'T22-02-00409','ashura.amina9@gmail.com','UDOSO','$2y$10$O/N4acT4QRv/rtgBhXjjz.oP.c6lDB75Xk6JbsfsYbaw7ZD6Jtlma',1,NULL,NULL,'2025-04-26 10:09:03','voter','Ashura','Hussein','Amina',NULL,2,9,1,NULL,0,NULL,NULL,''),(409,'T22-02-00410','saidi.bakari9@outlook.com','UDOSO','$2y$10$O/N4acT4QRv/rtgBhXjjz.oP.c6lDB75Xk6JbsfsYbaw7ZD6Jtlma',1,NULL,NULL,'2025-04-26 10:09:03','voter','Saidi','Juma','Bakari',NULL,2,9,1,NULL,0,NULL,NULL,''),(410,'T22-02-00411','halima.mwajuma9@gmail.com','UDOSO','$2y$10$O/N4acT4QRv/rtgBhXjjz.oP.c6lDB75Xk6JbsfsYbaw7ZD6Jtlma',1,NULL,NULL,'2025-04-26 10:09:03','voter','Halima','Suleiman','Mwajuma',NULL,2,9,1,NULL,0,NULL,NULL,''),(411,'T22-02-00412','ramadhani.hassan9@yahoo.com','UDOSO','$2y$10$O/N4acT4QRv/rtgBhXjjz.oP.c6lDB75Xk6JbsfsYbaw7ZD6Jtlma',1,NULL,NULL,'2025-04-26 10:09:03','voter','Ramadhani','Issack','Hassan',NULL,2,9,1,NULL,0,NULL,NULL,''),(412,'T22-02-00413','mwanahamisi.zainabu9@outlook.com','UDOSO','$2y$10$O/N4acT4QRv/rtgBhXjjz.oP.c6lDB75Xk6JbsfsYbaw7ZD6Jtlma',1,NULL,NULL,'2025-04-26 10:09:03','voter','Mwanahamisi','Omar','Zainabu',NULL,2,9,1,NULL,0,NULL,NULL,''),(413,'T22-02-00414','yusuph.salum9@gmail.com','UDOSO','$2y$10$O/N4acT4QRv/rtgBhXjjz.oP.c6lDB75Xk6JbsfsYbaw7ZD6Jtlma',1,NULL,NULL,'2025-04-26 10:09:03','voter','Yusuph','Mwita','Salum',NULL,2,9,1,NULL,0,NULL,NULL,''),(414,'T22-02-00415','nuru.fatma9@outlook.com','UDOSO','$2y$10$O/N4acT4QRv/rtgBhXjjz.oP.c6lDB75Xk6JbsfsYbaw7ZD6Jtlma',1,NULL,NULL,'2025-04-26 10:09:03','voter','Nuru','Haji','Fatma',NULL,2,9,1,NULL,0,NULL,NULL,''),(415,'T22-02-00416','salma.asha9@gmail.com','UDOSO','$2y$10$O/N4acT4QRv/rtgBhXjjz.oP.c6lDB75Xk6JbsfsYbaw7ZD6Jtlma',1,NULL,NULL,'2025-04-26 10:09:03','voter','Salma','Kassim','Asha',NULL,2,9,1,NULL,0,NULL,NULL,''),(416,'T22-02-00417','hamad.juma9@yahoo.com','UDOSO','$2y$10$O/N4acT4QRv/rtgBhXjjz.oP.c6lDB75Xk6JbsfsYbaw7ZD6Jtlma',1,NULL,NULL,'2025-04-26 10:09:03','voter','Hamad','Khalfan','Juma',NULL,2,9,1,NULL,0,NULL,NULL,''),(417,'T22-02-00418','aisha.mariam9@gmail.com','UDOSO','$2y$10$O/N4acT4QRv/rtgBhXjjz.oP.c6lDB75Xk6JbsfsYbaw7ZD6Jtlma',1,NULL,NULL,'2025-04-26 10:09:03','voter','Aisha','Mohamed','Mariam',NULL,2,9,1,NULL,0,NULL,NULL,''),(418,'T22-02-00419','khadija.fatma9@outlook.com','UDOSO','$2y$10$O/N4acT4QRv/rtgBhXjjz.oP.c6lDB75Xk6JbsfsYbaw7ZD6Jtlma',1,NULL,NULL,'2025-04-26 10:09:03','voter','Khadija','Said','Fatma',NULL,2,9,1,NULL,0,NULL,NULL,''),(419,'T22-02-00420','jafari.hassan9@gmail.com','UDOSO','$2y$10$O/N4acT4QRv/rtgBhXjjz.oP.c6lDB75Xk6JbsfsYbaw7ZD6Jtlma',1,NULL,NULL,'2025-04-26 10:09:03','voter','Jafari','Ramadhani','Hassan',NULL,2,9,1,NULL,0,NULL,NULL,''),(420,'T22-02-00421','mgeni.salum9@outlook.com','UDOSO','$2y$10$O/N4acT4QRv/rtgBhXjjz.oP.c6lDB75Xk6JbsfsYbaw7ZD6Jtlma',1,NULL,NULL,'2025-04-26 10:09:03','voter','Mgeni','Abdallah','Salum',NULL,2,9,1,NULL,0,NULL,NULL,''),(421,'T22-02-00422','zawadi.amina9@gmail.com','UDOSO','$2y$10$O/N4acT4QRv/rtgBhXjjz.oP.c6lDB75Xk6JbsfsYbaw7ZD6Jtlma',1,NULL,NULL,'2025-04-26 10:09:03','voter','Zawadi','Mwinyi','Amina',NULL,2,9,1,NULL,0,NULL,NULL,''),(422,'T22-02-00423','fatma.juma9@outlook.com','UDOSO','$2y$10$O/N4acT4QRv/rtgBhXjjz.oP.c6lDB75Xk6JbsfsYbaw7ZD6Jtlma',1,NULL,NULL,'2025-04-26 10:09:03','voter','Fatma','Juma','Asha',NULL,2,9,1,NULL,0,NULL,NULL,''),(423,'T22-02-00424','mariam.juma10@gmail.com','UDOSO','$2y$10$O/N4acT4QRv/rtgBhXjjz.oP.c6lDB75Xk6JbsfsYbaw7ZD6Jtlma',1,NULL,NULL,'2025-04-26 10:09:03','voter','Mariam','Asha','Juma',NULL,2,9,1,NULL,0,NULL,NULL,''),(424,'T22-02-00425','juma.mohamed10@outlook.com','UDOSO','$2y$10$O/N4acT4QRv/rtgBhXjjz.oP.c6lDB75Xk6JbsfsYbaw7ZD6Jtlma',1,NULL,NULL,'2025-04-26 10:09:03','voter','Juma','Hassan','Mohamed',NULL,2,9,1,NULL,0,NULL,NULL,''),(425,'T22-02-00426','fatuma.ali10@gmail.com','UDOSO','$2y$10$O/N4acT4QRv/rtgBhXjjz.oP.c6lDB75Xk6JbsfsYbaw7ZD6Jtlma',1,NULL,NULL,'2025-04-26 10:09:03','voter','Fatuma','Salum','Ali',NULL,2,9,1,NULL,0,NULL,NULL,''),(426,'T22-02-00427','hamisi.rashid10@yahoo.com','UDOSO','$2y$10$O/N4acT4QRv/rtgBhXjjz.oP.c6lDB75Xk6JbsfsYbaw7ZD6Jtlma',1,NULL,NULL,'2025-04-26 10:09:03','voter','Hamisi','Omar','Rashid',NULL,3,9,1,NULL,0,NULL,NULL,''),(427,'T22-02-00428','zainab.khamis10@outlook.com','UDOMASA','$2y$10$O/N4acT4QRv/rtgBhXjjz.oP.c6lDB75Xk6JbsfsYbaw7ZD6Jtlma',1,NULL,NULL,'2025-04-26 10:09:03','voter','Zainab','Mwajuma','Khamis',NULL,3,NULL,1,NULL,0,NULL,NULL,''),(428,'T22-02-00429','abdul.mwinyi10@gmail.com','UDOMASA','$2y$10$O/N4acT4QRv/rtgBhXjjz.oP.c6lDB75Xk6JbsfsYbaw7ZD6Jtlma',1,NULL,NULL,'2025-04-26 10:09:03','voter','Abdul','Said','Mwinyi',NULL,2,NULL,1,NULL,0,NULL,NULL,''),(429,'T22-02-00430','ashura.hussein10@outlook.com','UDOSO','$2y$10$O/N4acT4QRv/rtgBhXjjz.oP.c6lDB75Xk6JbsfsYbaw7ZD6Jtlma',1,NULL,NULL,'2025-04-26 10:09:03','voter','Ashura','Fatma','Hussein',NULL,2,9,1,NULL,0,NULL,NULL,''),(430,'T22-02-00431','saidi.bakari10@gmail.com','UDOMASA','$2y$10$O/N4acT4QRv/rtgBhXjjz.oP.c6lDB75Xk6JbsfsYbaw7ZD6Jtlma',1,NULL,NULL,'2025-04-26 10:09:03','voter','Saidi','Juma','Bakari',NULL,1,NULL,1,'DAI77Z5TQCWHI7PIFQN24BVMCFK33OXE7GP4MY3OWSOQIUDJORXH7BA2TIUPR5Z7WUFAYFLK3NDZ5VNA2OI53Q45M7JE3DF2RP7PF7A',0,NULL,NULL,'0x1fd37c62935b37bbee8c9a0c643d138723a66d08'),(431,'TUDOM-03-23875','jamalmusiala2@gmail.com','UDOSO','$2y$10$O/N4acT4QRv/rtgBhXjjz.oP.c6lDB75Xk6JbsfsYbaw7ZD6Jtlma',0,NULL,NULL,'2025-05-17 08:11:23','voter','Jamal','Musiala','0',NULL,2,21,1,NULL,0,NULL,NULL,''),(432,'TUDOM-03-23872','jamalmusiala22@gmail.com','UDOSO','$2y$10$O/N4acT4QRv/rtgBhXjjz.oP.c6lDB75Xk6JbsfsYbaw7ZD6Jtlma',0,NULL,NULL,'2025-05-17 08:13:47','voter','Jamal','Musiala','0',NULL,3,21,1,NULL,0,NULL,NULL,''),(433,'TUDOM-03-23874','jamalmusiala222@gmail.com','UDOSO','$2y$10$O/N4acT4QRv/rtgBhXjjz.oP.c6lDB75Xk6JbsfsYbaw7ZD6Jtlma',0,NULL,NULL,'2025-05-17 08:14:42','voter','Jamal','Musiala','0',NULL,1,21,1,NULL,0,NULL,NULL,''),(434,'T22-54RT','ummymwalimu@udom.com','UDOMASA','$2y$10$O/N4acT4QRv/rtgBhXjjz.oP.c6lDB75Xk6JbsfsYbaw7ZD6Jtlma',1,NULL,NULL,'2025-05-17 08:19:48','observer','Ummy','','0',NULL,1,NULL,1,NULL,0,NULL,NULL,'');
/*!40000 ALTER TABLE `users` ENABLE KEYS */;
UNLOCK TABLES;
/*!40103 SET TIME_ZONE=@OLD_TIME_ZONE */;

/*!40101 SET SQL_MODE=@OLD_SQL_MODE */;
/*!40014 SET FOREIGN_KEY_CHECKS=@OLD_FOREIGN_KEY_CHECKS */;
/*!40014 SET UNIQUE_CHECKS=@OLD_UNIQUE_CHECKS */;
/*!40101 SET CHARACTER_SET_CLIENT=@OLD_CHARACTER_SET_CLIENT */;
/*!40101 SET CHARACTER_SET_RESULTS=@OLD_CHARACTER_SET_RESULTS */;
/*!40101 SET COLLATION_CONNECTION=@OLD_COLLATION_CONNECTION */;
/*!40111 SET SQL_NOTES=@OLD_SQL_NOTES */;

-- Dump completed on 2025-06-27  8:40:16
